sample	irma_HA	irma_NA	vapor_HA	vapor_NA
SRR3098078	?	?	9	2
SRR1521153	3	8	3	8
SRR5428784	1	?	1	?
SRR7974487	3	?	3	?
SRR14341089	1	1	1	1
SRR10015147	?	1	?	1
SRR27490361	1	1	1	1
SRR24839074	5	1	5	1
SRR24839293	5	1	5	1
SRR24839512	5	1	5	1
SRR24839731	5	1	5	1
SRR24843238	5	1	5	1
SRR28073557	?	?	3	2
SRR13318574	1	?	1	?
SRR14996552	?	2	?	2
SRR15282589	2	2	2	2
SRR15282815	2	2	2	2
SRR19392179	1	1	1	1
SRR17349418	7	3	7	3
SRR4420142	1	1	1	1
SRR6674560	3	2	3	2
SRR11445778	3	2	3	2
SRR11445997	3	2	3	2
SRR8893303	3	?	3	?
SRR10960857	3	2	3	2
SRR10161120	?	?	?	?
SRR10058426	3	?	?	?
SRR14242158	3	2	3	2
SRR23717289	3	2	3	2
SRR25222433	9	2	9	2
SRR28420271	3	2	3	2
SRR28752564	5	1	5	1
SRR28388424	1	1	1	1
SRR24842841	5	1	5	1
SRR24843204	5	1	5	1
SRR12389595	3	8	3	8
SRR16232025	7	9	7	9
SRR16359814	9	2	9	2
SRR18273475	3	2	3	2
SRR28995119	1	1	1	1
SRR29040774	3	2	3	2
SRR29455647	5	1	5	1
SRR29740564	5	1	5	1
SRR29267679	3	2	3	2
SRR29281447	5	1	5	1
SRR29360497	3	2	3	2
SRR29377895	5	1	5	1
SRR23143804	3	2	3	2
SRR30202051	5	1	5	1
SRR30027723	3	2	3	2
SRR27384572	3	2	3	2
SRR29694533	5	1	5	1
SRR27181059	3	2	3	2
SRR27181278	3	2	3	2
SRR27181497	3	2	3	2
SRR27181716	1	1	1	1
SRR30610040	?	?	?	?
SRR30714652	3	2	?	?
SRR30546773	3	2	3	2
SRR30589488	3	2	3	2
SRR3098101	?	?	5	6
SRR1521154	3	8	3	8
SRR5428785	1	?	1	?
SRR7974488	3	?	3	?
SRR14341090	1	1	1	1
SRR11908080	6	5	6	5
SRR27490362	1	1	1	1
SRR24839075	5	1	5	1
SRR24839294	5	1	5	1
SRR24839513	5	1	5	1
SRR24839732	5	1	5	1
SRR24843239	5	1	5	1
SRR28073558	?	?	1	1
SRR13318575	1	?	1	?
SRR15282364	2	2	2	2
SRR15282590	2	2	2	2
SRR15282816	2	2	2	2
SRR19392180	1	1	1	1
SRR17349419	7	3	7	3
SRR4420143	1	1	1	1
SRR6674561	3	2	3	2
SRR11445779	3	2	3	2
SRR11445998	3	2	3	2
SRR8893304	3	?	3	?
SRR10960858	3	2	3	2
SRR10161121	?	?	?	?
SRR10058427	3	?	?	?
SRR25784102	3	2	3	2
SRR14242159	3	2	3	2
SRR23717290	3	2	3	2
SRR25222434	9	2	9	2
SRR28420279	3	2	3	2
SRR28752565	5	1	5	1
SRR28388425	?	?	1	?
SRR24842842	5	1	5	1
SRR24843212	5	1	5	1
SRR12389596	9	2	9	2
SRR16232026	7	9	7	9
SRR16359815	9	2	9	2
SRR18273476	3	2	3	2
SRR28995120	1	1	1	1
SRR29040775	3	2	3	2
SRR29478177	1	1	1	1
SRR29740674	5	1	5	1
SRR29267680	3	2	3	2
SRR29281448	5	1	5	1
SRR29360498	1	1	1	1
SRR29377896	5	1	5	1
SRR29008725	3	2	3	2
ERR13358324	3	2	3	2
SRR30027724	1	1	1	1
SRR27384573	3	2	3	2
SRR29694534	5	1	5	1
SRR27181060	3	2	?	2
SRR27181279	?	?	?	?
SRR27181498	3	2	3	2
SRR27181717	3	2	3	2
SRR30610041	?	?	?	?
SRR30714653	3	2	3	2
SRR30546774	3	2	3	2
SRR30589489	3	2	3	2
SRR3098125	?	?	6	6
SRR1521155	3	8	3	8
SRR5428786	1	?	1	?
SRR7974489	3	?	3	?
SRR14341091	1	1	1	1
SRR27490363	1	1	1	1
SRR24839076	5	1	5	1
SRR24839295	5	1	5	1
SRR24839514	5	1	5	1
SRR24839733	5	1	5	1
SRR24843241	5	1	5	1
SRR28073559	?	?	3	2
SRR13318576	1	?	1	?
SRR15282365	2	2	2	2
SRR15282591	2	2	2	2
SRR15282817	2	2	2	2
SRR19392181	1	1	1	1
SRR17349420	7	3	7	3
SRR4420144	1	1	1	1
SRR6674562	3	2	3	2
SRR11445780	3	2	3	2
SRR11445999	3	2	3	2
SRR8893305	3	?	3	?
SRR10960859	3	2	3	2
SRR10161122	?	?	?	?
SRR10058428	3	?	3	?
SRR25784103	3	2	3	2
SRR14242160	3	2	3	2
SRR23717291	3	2	3	2
SRR25222435	9	2	9	2
SRR28420307	3	2	3	2
SRR28752566	5	1	5	1
SRR28388426	1	1	1	1
SRR24842843	5	1	5	1
SRR24843213	5	1	5	1
SRR12389597	4	8	?	8
SRR16232027	7	9	7	9
SRR16359816	9	2	9	2
SRR18273477	3	2	3	2
SRR29951903	1	1	1	1
SRR28995121	1	1	1	1
SRR29040776	1	1	1	1
SRR29478178	1	1	1	1
SRR29740675	5	1	5	1
SRR29267681	3	2	3	2
SRR29281449	5	1	5	1
SRR29360499	3	2	3	2
SRR29377897	5	1	5	1
SRR29008726	3	2	3	2
ERR13358294	3	2	3	2
SRR30027725	3	2	3	2
SRR27384574	1	1	1	1
SRR29694535	5	1	5	1
SRR27181061	3	2	3	2
SRR27181280	3	2	3	2
SRR27181499	3	2	3	2
SRR27181718	3	2	3	2
SRR30610042	?	?	?	?
SRR30714654	3	2	3	?
SRR30546775	3	2	3	2
SRR30589490	3	2	3	2
SRR3098126	?	?	3	2
SRR1521178	3	8	3	8
SRR5428787	1	?	1	?
SRR7974490	3	?	3	?
SRR14341092	1	1	1	1
ERR11523534	3	2	3	2
SRR27490364	1	1	1	1
SRR24839077	5	1	5	1
SRR24839296	5	1	5	1
SRR24839515	5	1	5	1
SRR24839734	5	1	5	1
SRR24843247	5	1	5	1
SRR28073560	?	?	3	2
SRR13318577	1	?	1	?
SRR15282366	2	2	2	2
SRR15282592	2	2	2	2
SRR19392182	1	1	1	1
SRR17349421	7	3	7	3
SRR4420145	1	1	1	1
SRR6674563	3	2	3	2
SRR11445781	3	2	3	2
SRR11446000	3	2	3	2
SRR8875106	3	?	3	?
SRR10960860	3	2	3	2
SRR10161123	?	?	?	?
SRR10058429	3	?	3	?
SRR25784104	3	2	3	2
SRR14242161	3	2	3	2
SRR23717292	3	2	3	2
SRR25222436	9	2	9	2
SRR28420308	1	1	1	1
SRR28752567	5	1	5	1
SRR28388427	1	1	1	1
SRR24842844	5	1	5	1
SRR24843214	5	1	5	1
SRR12389598	9	?	9	?
SRR16232028	7	9	7	2
SRR16359817	9	2	9	2
SRR18273478	3	2	3	2
SRR29951904	1	1	1	1
SRR28995122	1	1	1	1
SRR29040777	1	1	1	1
SRR29478179	1	1	1	1
SRR29740676	5	1	5	1
SRR29267682	1	1	1	1
SRR29281450	5	1	5	1
SRR29360500	3	2	3	2
SRR29377898	5	1	5	1
SRR29008727	3	2	3	2
ERR13358264	3	2	3	2
SRR30027726	3	2	3	2
SRR27384575	3	2	3	2
SRR29694536	5	1	5	1
SRR27181062	?	2	?	2
SRR27181281	1	2	1	2
SRR27181500	3	2	3	2
SRR27181719	1	1	1	1
SRR30610043	?	?	?	?
SRR30546776	3	2	3	2
SRR30589491	3	2	3	2
SRR3098127	?	?	5	6
SRR5930374	1	?	1	?
SRR5428788	1	?	1	?
SRR7974491	3	?	3	?
SRR14341093	1	1	1	1
ERR11523535	1	1	1	1
SRR27490365	1	1	1	1
SRR24839078	5	1	5	1
SRR24839297	5	1	5	1
SRR24839516	5	1	5	1
SRR24839735	5	1	5	1
SRR24843248	5	1	5	1
SRR28073561	?	?	3	2
SRR13318578	1	?	1	?
SRR15282367	2	2	2	2
SRR15282593	2	2	2	2
SRR15282819	2	2	2	2
SRR19392183	1	1	1	1
SRR17349422	7	3	7	3
SRR6488517	7	9	7	9
SRR6674564	3	2	3	2
SRR11445782	3	2	3	2
SRR11446001	3	2	3	2
SRR8875107	3	?	3	?
SRR10960861	3	2	3	2
SRR10161124	?	?	?	?
SRR10058430	3	?	3	?
SRR25784105	1	1	1	1
SRR14242162	3	2	3	2
SRR23717293	3	2	3	2
SRR25222437	1	?	1	?
SRR28420309	3	2	3	2
SRR28752568	5	1	5	1
SRR28388428	1	1	1	1
SRR24842845	5	1	5	1
SRR24843216	5	1	5	1
SRR12389599	3	8	3	8
SRR16232029	7	9	7	9
SRR16359818	9	2	9	2
SRR18273479	3	2	3	2
SRR28995123	1	1	1	1
SRR29040778	1	1	1	1
SRR29478180	1	1	1	1
SRR29740677	5	1	5	1
SRR29267683	3	2	3	2
SRR29281451	5	1	5	1
SRR29360501	3	2	3	2
SRR29377899	5	1	5	1
SRR29008728	1	1	1	1
ERR13358285	3	2	3	2
SRR30027727	3	2	3	2
SRR27384576	3	2	3	2
SRR29679722	?	?	1	1
SRR29694537	5	1	5	1
SRR27181063	1	1	1	1
SRR27181282	1	1	1	1
SRR27181501	3	2	3	2
SRR27181720	3	2	3	2
SRR30610044	?	?	?	?
SRR30714656	3	2	3	2
SRR30546777	1	1	1	1
SRR30589492	3	2	3	2
SRR3098129	?	?	3	2
SRR5930375	1	?	1	?
SRR5428789	1	?	1	?
SRR7974492	3	?	3	?
SRR14341094	1	1	1	1
SRR27709503	?	?	?	?
SRR27490366	1	1	1	1
SRR24839079	5	1	5	1
SRR24839298	5	1	5	1
SRR24839517	5	1	5	1
SRR24839736	5	1	5	1
SRR24843249	5	1	5	1
SRR28073562	?	?	3	2
SRR13318579	1	?	1	?
SRR15282368	2	2	2	2
SRR15282594	2	2	2	2
SRR15282820	2	2	2	2
SRR19392184	1	1	1	1
SRR17349423	7	3	7	3
SRR6488518	7	9	7	9
SRR6674565	3	2	3	2
SRR11445783	3	2	3	2
SRR11446002	3	2	3	2
SRR8875108	3	?	3	?
SRR10960862	3	2	3	2
SRR10161125	?	?	?	?
SRR10058431	3	?	?	?
SRR25784106	3	2	3	2
SRR14242163	3	2	3	2
SRR23717294	3	2	3	2
SRR25222438	?	?	?	?
SRR28420310	3	2	3	2
SRR28752569	5	1	5	1
SRR28388429	1	1	1	1
SRR24842846	5	1	5	1
SRR24843218	5	1	5	1
SRR12389600	4	6	4	6
SRR16232030	7	9	7	9
SRR16359819	9	2	9	2
SRR18273480	3	2	3	2
SRR28995124	1	1	1	1
SRR29040779	1	1	1	1
SRR29478181	3	2	3	2
SRR29740678	5	1	5	1
SRR29267684	3	2	3	2
SRR29281452	5	1	5	1
SRR29360502	3	2	3	2
SRR29377900	5	1	5	1
SRR29008729	1	1	1	1
ERR13358288	1	1	1	1
SRR30027728	1	1	1	1
SRR27384577	3	2	3	2
SRR29679757	?	?	1	1
SRR29694538	5	1	5	1
SRR27181283	1	1	1	1
SRR27181502	1	1	1	1
SRR27181721	3	2	3	2
SRR30610045	?	?	?	?
SRR30714657	3	2	3	2
SRR30561695	3	2	3	2
SRR30589493	3	2	3	2
SRR3098131	?	?	6	6
SRR5930376	1	?	1	?
SRR5428790	1	?	1	?
SRR7974493	3	?	3	?
SRR14341095	1	1	1	1
SRR27709504	?	?	?	?
SRR27490367	1	1	1	1
SRR24839080	5	1	5	1
SRR24839299	5	1	5	1
SRR24839518	5	1	5	1
SRR24839737	5	1	5	1
SRR24843250	5	1	5	1
SRR28073563	?	?	3	2
SRR15011445	1	1	1	1
SRR15282369	2	2	2	2
SRR15282595	2	2	2	2
SRR15282821	2	2	2	2
SRR19392185	1	1	1	1
SRR17349424	7	3	7	3
SRR6488519	7	9	7	9
SRR6674566	3	2	3	2
SRR11445784	3	2	3	2
SRR11446003	3	2	3	2
SRR8875109	3	?	3	?
SRR10960863	3	2	3	2
SRR10058432	3	?	?	?
SRR25784107	1	1	1	1
SRR14242164	3	2	3	2
SRR23717295	3	2	3	2
SRR25222439	9	2	9	2
SRR28420311	1	1	1	1
SRR28752570	5	1	5	1
SRR28388430	1	1	1	1
SRR24842847	5	1	5	1
SRR24843219	5	1	5	1
SRR12389601	3	2	3	2
SRR16232031	7	2	7	2
SRR16359820	9	2	9	2
SRR18273481	3	2	3	2
SRR29953194	5	1	5	1
SRR28995125	1	1	1	1
SRR29040780	1	1	1	1
SRR29478182	3	2	3	2
SRR29740679	5	1	5	1
SRR29267685	3	2	3	2
SRR29281453	5	1	5	1
SRR29360503	3	2	3	2
SRR29377901	5	1	5	1
SRR29008730	1	1	1	1
ERR13358289	3	2	3	2
SRR30027729	3	2	3	2
SRR27384578	3	2	3	2
SRR29679763	?	?	1	1
SRR29694539	5	1	5	1
SRR27181065	1	2	1	2
SRR27181284	1	1	1	1
SRR27181503	?	1	1	1
SRR27181722	?	2	?	2
SRR30610046	?	?	?	?
SRR30561696	3	2	3	2
SRR30589494	3	2	3	2
SRR3098133	?	?	5	6
SRR5930377	1	?	1	?
SRR5428791	1	?	1	?
SRR7974496	3	?	3	?
SRR14341096	1	1	1	1
SRR27709505	?	?	?	?
SRR27490368	1	1	1	1
SRR24839081	5	1	5	1
SRR24839300	5	1	5	1
SRR24839519	5	1	5	1
SRR24839738	5	1	5	1
SRR24843251	5	1	5	1
SRR28073564	?	?	1	1
ERR3474577	3	2	3	2
SRR15282370	2	2	2	2
SRR15282596	2	2	2	2
SRR15282822	2	2	2	2
SRR19392186	1	1	1	1
SRR17349425	7	3	7	3
SRR6488520	7	9	7	9
SRR6674567	3	2	3	2
SRR11445785	3	2	3	2
SRR11446004	3	2	3	2
SRR8875110	3	?	3	?
SRR10960864	1	1	1	1
SRR10058433	3	?	3	?
SRR25784108	1	1	1	1
SRR14242165	3	2	3	2
SRR28616365	?	?	5	1
SRR25222452	9	2	9	2
SRR28420312	3	2	3	2
SRR28752571	5	1	5	1
SRR28388431	1	1	1	1
SRR24842851	5	1	5	1
SRR24843220	5	1	5	1
SRR12389602	3	2	3	2
SRR16232032	9	2	9	2
SRR16359821	1	2	1	2
SRR17771435	?	?	3	?
SRR18273482	3	2	3	2
SRR29953195	5	1	5	1
SRR28995126	1	1	1	1
SRR28834885	5	1	5	1
SRR29478183	3	2	3	2
SRR29740680	5	1	5	1
SRR29267686	3	2	3	2
SRR29281454	5	1	5	1
SRR29360504	3	2	3	2
SRR29377902	5	1	5	1
SRR29008731	1	1	1	1
ERR13358290	3	2	3	2
SRR30027730	3	2	3	2
SRR27384579	3	2	3	2
SRR29679769	?	?	1	1
SRR29694540	5	1	5	1
SRR27181066	1	1	1	1
SRR27181285	1	1	1	1
SRR27181504	1	1	1	1
SRR27181723	?	2	?	2
SRR30610047	?	?	?	?
SRR30714659	?	1	?	1
SRR30561697	3	2	3	2
SRR30589495	3	2	3	2
SRR3098134	?	?	5	1
SRR5930378	1	?	1	?
SRR5428792	1	?	1	?
SRR7974497	3	?	3	?
SRR14341097	1	1	1	1
SRR27709506	?	?	?	?
SRR27490369	1	1	1	1
SRR24839082	5	1	5	1
SRR24839301	5	1	5	1
SRR24839520	5	1	5	1
SRR24839739	5	1	5	1
SRR24843252	5	1	5	1
SRR28073565	?	?	1	1
ERR3474578	3	2	3	?
SRR15282371	2	2	2	2
SRR15282597	2	2	2	2
SRR15282823	2	2	2	2
SRR19392187	1	1	1	1
SRR17349426	7	3	7	3
SRR6488521	7	9	7	9
SRR6674568	3	2	3	2
SRR11445786	3	2	3	2
SRR11446005	3	2	3	2
SRR8875111	3	?	3	?
SRR10960865	3	2	3	2
SRR10161128	?	?	?	?
SRR10058434	3	?	?	?
SRR25784109	3	2	3	2
SRR14242166	3	2	3	2
SRR28616366	?	?	5	1
SRR25222453	9	2	9	2
SRR28420313	3	2	3	2
SRR28752572	5	1	5	1
SRR28388432	1	1	1	1
SRR24842853	5	1	5	1
SRR24843221	5	1	5	1
SRR12389603	6	8	6	8
SRR16232033	9	2	9	2
SRR16359822	9	2	9	2
SRR18273483	3	2	3	2
SRR29953196	5	1	5	1
SRR28995127	1	1	1	1
SRR28834886	5	1	5	1
SRR29478184	3	2	3	2
SRR29740681	5	1	5	1
SRR29267687	3	2	3	2
SRR29281455	5	1	5	1
SRR29360505	3	2	3	2
SRR29377903	5	1	5	1
SRR29008732	1	1	1	1
ERR13358291	3	2	3	2
SRR30027731	3	2	3	2
SRR27384580	3	2	3	2
SRR29679770	?	?	1	1
SRR29694541	5	1	5	1
SRR27181067	1	1	1	1
SRR27181286	1	1	1	1
SRR27181505	1	1	1	1
SRR27181724	3	2	3	2
SRR30610048	?	?	?	?
SRR30561698	1	1	1	1
SRR30589496	3	2	3	2
SRR3098135	?	?	3	3
SRR5930379	1	?	1	?
SRR5428793	1	?	1	?
SRR7974498	3	?	3	?
SRR14341098	1	1	1	1
SRR27709507	?	?	?	?
SRR27490370	1	1	1	1
SRR24839083	5	1	5	1
SRR24839302	5	1	5	1
SRR24839521	5	1	5	1
SRR24839740	5	1	5	1
SRR24843253	5	1	5	1
SRR28073566	?	?	1	1
ERR3474579	3	2	3	2
SRR15282372	2	2	2	2
SRR15282598	2	2	2	2
SRR15282824	2	2	2	2
SRR19392188	1	1	1	1
SRR17349427	7	3	7	3
SRR6488522	7	9	7	9
SRR6674569	3	2	3	2
SRR11445787	3	2	3	2
ERR4552844	1	1	1	1
SRR8875112	3	?	3	?
SRR10960866	3	2	3	2
SRR10161129	?	?	?	?
SRR10058435	3	?	?	?
SRR14242167	3	2	3	2
SRR28616367	?	?	5	1
SRR25222454	?	2	?	2
SRR28420314	3	2	3	2
SRR28752573	5	1	5	1
SRR28388433	1	1	1	1
SRR24842854	5	1	5	1
SRR24843222	5	1	5	1
SRR12389604	1	9	11	9
SRR16232034	7	9	7	9
SRR16359823	9	2	9	2
SRR18273484	3	2	3	2
SRR29953197	5	1	5	1
SRR28995128	1	1	1	1
SRR28834887	5	1	5	1
SRR29478185	3	2	3	2
SRR29740682	5	1	5	1
SRR29267688	3	2	3	2
SRR29281456	5	1	5	1
SRR29360506	3	2	3	2
SRR29377904	5	1	5	1
SRR29008733	1	1	1	1
ERR13358292	3	2	3	2
SRR30027732	3	2	3	2
SRR27384581	3	2	3	2
SRR29679771	?	?	1	1
SRR29694542	5	1	5	1
SRR27181068	3	2	3	2
SRR27181287	?	?	?	?
SRR27181506	3	2	3	2
SRR27181725	1	1	1	1
SRR30610049	?	?	?	?
SRR30714661	3	2	3	2
SRR30561699	1	1	1	1
SRR30589497	3	2	3	2
SRR3098136	?	?	5	1
SRR5930380	1	?	1	?
SRR5428794	1	?	1	?
SRR7974499	3	?	3	?
SRR14341099	1	1	1	1
SRR27709508	?	?	?	?
SRR27490371	1	1	1	1
SRR24839084	5	1	5	1
SRR24839303	5	1	5	1
SRR24839522	5	1	5	1
SRR24839741	5	1	5	1
SRR24843260	5	1	5	1
SRR28073567	?	?	3	2
ERR3474580	3	2	3	2
SRR15282373	2	2	2	2
SRR15282599	2	2	2	2
SRR15282825	2	2	2	2
SRR19392189	1	1	1	1
SRR17349428	7	3	7	3
SRR6488523	7	9	7	9
SRR6674570	3	2	3	2
SRR11445788	3	2	3	2
ERR4552845	1	1	1	1
SRR8875113	3	?	3	?
SRR10960867	1	1	1	1
SRR10161130	?	?	?	?
SRR10058436	3	?	?	?
SRR14242168	3	2	3	2
SRR28616368	?	?	5	1
SRR25222455	9	2	9	2
SRR28420315	3	2	3	2
SRR28752574	5	1	5	1
SRR28388434	1	1	1	1
SRR24842855	5	1	5	1
SRR24843223	5	1	5	1
SRR12389605	9	2	9	2
SRR16232035	7	9	7	9
SRR16359824	9	2	9	2
SRR17771438	3	?	3	?
SRR18273485	3	2	3	2
SRR29953198	5	1	5	1
SRR28995129	1	1	1	1
SRR28834893	5	1	5	1
SRR29478186	3	2	3	2
SRR29740683	5	1	5	1
SRR29267689	3	2	3	2
SRR29281457	5	1	5	1
SRR29360507	3	2	3	2
SRR29377905	5	1	5	1
SRR29008734	1	1	1	1
ERR13358293	3	2	3	2
SRR30027733	3	2	3	2
SRR27384582	3	2	3	2
SRR29679772	?	?	1	1
SRR29694543	5	1	5	1
SRR27181069	1	2	1	2
SRR27181288	3	2	3	2
SRR27181507	3	2	3	2
SRR27181726	1	2	1	2
SRR30561700	3	2	3	2
SRR30589498	3	2	3	2
SRR3098137	?	?	5	6
SRR5930381	1	?	1	?
SRR5428795	1	?	1	?
SRR7974500	3	?	3	?
SRR14341100	1	1	1	1
SRR27709509	?	?	?	?
SRR27490372	1	1	1	1
SRR24839085	5	1	5	1
SRR24839304	5	1	5	1
SRR24839523	5	1	5	1
SRR24839742	5	1	5	1
SRR24843261	5	1	5	1
SRR28073568	?	?	1	1
ERR3474581	1	1	1	1
SRR15282374	2	2	2	2
SRR15282600	2	2	2	2
SRR15282826	2	2	2	2
SRR19392190	1	1	1	1
SRR17349429	7	3	7	3
SRR6488524	7	9	7	9
SRR6674571	3	2	3	2
SRR11445789	3	2	3	2
ERR4552846	1	1	1	1
SRR8875114	3	?	3	?
SRR10960868	1	1	1	1
SRR10161131	?	?	?	?
SRR10058437	3	?	?	?
SRR25784112	1	1	1	1
SRR14242169	3	2	3	2
SRR28616369	?	?	5	1
SRR25222456	9	2	9	2
SRR28420316	1	1	1	1
SRR28752575	5	1	5	1
SRR28388435	1	1	1	1
SRR24842856	5	1	5	1
SRR24843224	5	1	5	1
SRR12389606	2	1	1	1
SRR16183372	7	9	7	9
SRR16359825	9	2	9	2
SRR18273486	3	2	3	2
SRR29953199	5	1	5	1
SRR28995130	1	1	1	1
SRR28834894	5	1	5	1
SRR29478187	1	1	1	1
SRR29740684	5	1	5	1
SRR29267690	1	1	1	1
SRR29281458	5	1	5	1
SRR29360508	3	2	3	2
SRR29377906	5	1	5	1
SRR29008735	1	1	1	1
ERR13358295	3	2	3	2
SRR30027734	1	1	1	1
SRR27384583	3	2	3	2
SRR29679773	?	?	1	1
SRR29694544	5	1	5	1
SRR27181070	3	2	3	2
SRR27181289	3	2	3	2
SRR27181508	3	2	3	2
SRR27181727	3	2	3	2
SRR30714663	3	2	3	2
SRR30561701	3	2	3	2
SRR30589499	3	2	3	2
SRR3098139	?	?	6	6
SRR5930382	1	?	1	?
SRR5428796	1	?	1	?
SRR7974501	3	?	3	?
SRR14341101	1	1	1	1
SRR27709510	?	?	?	?
SRR27490373	1	1	1	1
SRR24839086	5	1	5	1
SRR24839305	5	1	5	1
SRR24839524	5	1	5	1
SRR24839743	5	1	5	1
SRR24843262	5	1	5	1
SRR28073569	?	?	1	1
ERR3474582	3	2	3	2
SRR15282375	2	2	2	2
SRR15282601	2	2	2	2
SRR15282827	2	2	2	2
SRR19392191	1	1	1	1
SRR17349430	7	3	7	3
SRR6488525	7	9	7	9
SRR6674572	3	2	3	2
SRR11445790	3	2	3	2
ERR4552883	1	1	1	1
SRR8875115	3	?	3	?
SRR10960869	1	1	1	1
SRR10161132	?	?	?	?
SRR10058438	3	?	?	?
SRR14242170	3	2	3	2
SRR28616370	?	?	5	1
SRR25222457	9	1	9	1
SRR28420331	3	2	3	2
SRR28752576	5	1	5	1
SRR28388436	?	?	1	?
SRR24842857	5	1	5	1
SRR24843225	5	1	5	1
SRR12389607	1	9	11	9
SRR16183373	7	9	7	9
SRR16359826	9	2	9	2
SRR18273487	3	2	3	2
SRR29953200	5	1	5	1
SRR28995131	1	1	1	1
SRR28834895	5	1	5	1
SRR29478188	3	2	3	2
SRR29740685	5	1	5	1
SRR29267691	3	2	3	2
SRR29281459	5	1	5	1
SRR29360509	3	2	3	2
SRR29377907	5	1	5	1
SRR29008736	1	1	1	1
ERR13358296	3	2	3	2
SRR30027735	3	2	3	2
SRR27384584	3	2	3	2
SRR29679774	?	?	1	1
SRR29694545	5	1	5	1
SRR27181071	?	2	?	?
SRR27181290	3	2	3	2
SRR27181509	1	1	1	1
SRR27181728	3	2	3	2
SRR30561702	3	2	3	2
SRR30589500	3	2	3	2
SRR3098141	?	?	5	6
SRR5930383	1	?	1	?
SRR5428797	1	?	1	?
SRR7974502	3	?	3	?
SRR14341102	1	1	1	1
SRR27709511	?	?	?	?
SRR27490374	1	1	1	1
SRR24839087	5	1	5	1
SRR24839306	5	1	5	1
SRR24839525	5	1	5	1
SRR24839744	5	1	5	1
SRR24843264	5	1	5	1
SRR28073570	3	2	3	2
ERR3474583	3	2	3	2
SRR15282376	2	2	2	2
SRR15282602	2	2	2	2
SRR15282828	2	2	2	2
SRR19392192	1	1	1	1
SRR17349431	7	3	7	3
SRR6488526	7	9	7	9
SRR6674573	3	2	3	2
SRR11445791	3	2	3	2
ERR4552884	1	1	1	1
SRR8875116	3	?	3	?
SRR10960870	1	1	1	1
SRR10161133	?	?	?	?
SRR10058439	3	?	?	?
SRR25784114	1	1	1	1
SRR14242171	3	2	3	2
SRR28616371	?	?	5	1
SRR25222458	9	2	9	2
SRR28420332	3	2	3	2
SRR28752577	5	1	5	1
SRR28388437	1	1	1	1
SRR24842858	5	1	5	1
SRR24843226	5	1	5	1
SRR12389608	3	8	3	8
SRR16183374	7	9	7	9
SRR16359827	9	2	9	2
SRR18273488	3	2	3	2
SRR29953201	5	1	5	1
SRR28995132	1	1	1	1
SRR28834896	5	1	5	1
SRR29478189	1	1	1	1
SRR29740686	5	1	5	1
SRR29281460	5	1	5	1
SRR29360510	3	2	3	2
SRR29377908	5	1	5	1
SRR29008737	1	1	1	1
ERR13358297	3	2	3	2
SRR30027736	1	1	1	1
SRR27384585	1	1	1	1
SRR29679775	?	?	1	1
SRR29694546	5	1	5	1
SRR27181072	1	1	1	1
SRR27181291	3	2	3	2
SRR27181510	3	1	3	1
SRR27181729	3	2	3	2
SRR30610053	?	?	?	?
SRR30561703	3	2	3	2
SRR30589501	3	2	3	2
SRR3098142	?	?	9	6
SRR5930384	1	?	1	?
SRR5428798	1	?	1	?
SRR7974503	3	?	3	?
SRR14341103	1	1	1	1
SRR27709512	?	?	?	?
SRR27490375	1	1	1	1
SRR24839088	5	1	5	1
SRR24839307	5	1	5	1
SRR24839526	5	1	5	1
SRR24839745	5	1	5	1
SRR24843265	5	1	5	1
SRR28073571	?	?	1	1
ERR3474584	3	2	3	2
SRR15282377	2	2	2	2
SRR15282603	2	2	2	2
SRR15282829	2	2	2	2
SRR19392193	1	1	1	1
SRR17349432	7	3	7	3
SRR4414064	?	?	?	?
SRR6674574	3	2	3	2
SRR11445792	3	2	3	2
ERR4552885	1	1	1	1
SRR8875117	3	?	3	?
SRR10960871	1	1	1	1
SRR10161134	?	?	?	?
SRR10058440	3	?	?	?
SRR25784115	1	1	1	1
SRR14242172	3	2	3	2
SRR28616372	?	?	5	1
SRR28636332	5	1	5	1
SRR28420333	3	2	3	2
SRR28752578	5	1	5	1
SRR28388438	1	1	1	1
SRR24842859	5	1	5	1
SRR24843227	5	1	5	1
SRR12389609	1	6	12	6
SRR16183375	7	9	7	9
SRR16359828	9	2	9	2
ERR7167883	5	8	5	8
SRR18273489	3	2	3	2
SRR29953202	5	1	5	1
SRR28995133	1	1	1	1
SRR28834897	5	1	5	1
SRR29478190	1	1	1	1
SRR29740687	5	1	5	1
SRR29267693	3	2	3	2
SRR29281461	5	1	5	1
SRR29360511	3	2	3	2
SRR29377909	5	1	5	1
SRR29008738	1	1	1	1
ERR13358298	3	2	3	2
SRR30027737	3	2	3	2
SRR27384586	3	2	3	2
SRR29679776	?	?	3	2
SRR29694547	5	1	5	1
SRR27181073	1	1	1	1
SRR27181292	3	2	3	2
SRR27181511	3	2	3	2
SRR27181730	3	2	3	2
SRR30610054	?	?	?	?
SRR30561704	3	2	3	2
SRR30589502	3	2	3	2
SRR3126285	1	1	1	1
SRR5930385	1	?	1	?
SRR5428799	1	?	1	?
SRR7974504	3	?	3	?
SRR14341104	1	1	1	1
SRR27709513	?	?	?	?
SRR27490376	1	1	1	1
SRR24839089	5	1	5	1
SRR24839308	5	1	5	1
SRR24839527	5	1	5	1
SRR24839746	5	1	5	1
SRR24843266	5	1	5	1
SRR28073572	3	2	3	2
ERR3474585	3	2	3	2
SRR15282378	2	2	2	2
SRR15282604	2	2	2	2
SRR15282830	2	2	2	2
SRR19392194	1	1	1	1
SRR17349433	7	3	7	3
SRR4414065	?	?	?	?
SRR6674575	3	2	3	2
SRR11445793	3	2	3	2
ERR4552886	1	1	1	1
SRR8875118	3	?	3	?
SRR10960872	1	1	1	1
SRR10161135	?	?	?	?
SRR10058441	3	?	?	?
SRR25784116	?	?	?	?
SRR14242173	3	2	3	2
SRR28616373	?	?	5	1
SRR28636349	3	2	3	2
SRR28420334	3	2	3	2
SRR28752579	5	1	5	1
SRR28388439	1	1	1	1
SRR24842860	5	1	5	1
SRR24843228	5	1	5	1
SRR12389610	4	6	4	6
SRR16183376	7	9	7	9
SRR16359829	9	2	9	2
ERR7167884	5	8	5	8
SRR18273490	3	2	3	2
SRR29953203	5	1	5	1
SRR28995134	1	1	1	1
SRR28834898	5	1	5	1
SRR29478191	3	2	3	2
SRR29740688	5	1	5	1
SRR29267694	1	1	1	1
SRR29281462	5	1	5	1
SRR29360512	3	2	3	2
SRR29377910	5	1	5	1
SRR29008739	1	1	1	1
ERR13358299	3	2	3	2
SRR30027738	3	2	3	2
SRR27384587	3	2	3	2
SRR29679777	?	?	1	1
SRR29694548	5	1	5	1
SRR27181074	1	1	1	1
SRR27181293	3	2	3	2
SRR27181512	3	2	3	2
SRR27181731	1	1	1	1
SRR30610055	?	?	?	?
SRR30714667	3	2	3	?
SRR30561705	1	1	1	1
SRR30589503	3	2	3	2
SRR3126286	1	1	1	1
SRR3879772	9	2	9	2
SRR5428800	1	?	1	?
SRR7974505	3	?	3	?
SRR14341105	1	1	1	1
SRR27709514	?	?	?	?
SRR27490377	1	1	1	1
SRR24839090	5	1	5	1
SRR24839309	5	1	5	1
SRR24839528	5	1	5	1
SRR24839747	5	1	5	1
SRR24843267	5	1	5	1
SRR28073573	3	2	3	2
ERR3474586	3	2	3	2
SRR15282379	2	2	2	2
SRR15282605	2	2	2	2
SRR15282831	2	2	2	2
SRR19404201	1	1	1	1
SRR17349434	7	3	7	3
SRR4414066	?	?	?	?
SRR6674576	3	2	3	2
SRR11445794	3	2	3	2
ERR4552887	1	1	1	1
SRR8875119	3	?	3	?
SRR10960873	1	1	1	1
SRR10161136	?	?	?	?
SRR10058442	3	?	?	?
SRR25784117	1	1	1	1
SRR14242174	3	2	3	2
SRR28616374	?	?	5	1
SRR28420335	3	2	3	2
SRR28752580	5	1	5	1
SRR28388440	1	1	1	1
SRR24842862	5	1	5	1
SRR24843229	5	1	5	1
SRR12389611	9	2	9	2
SRR16183377	7	9	7	9
SRR16359830	9	2	9	2
ERR7167885	5	8	5	8
SRR18273491	3	2	3	2
SRR29953204	5	1	5	1
SRR28995135	1	1	1	1
SRR28834906	5	1	5	1
SRR29478192	3	2	3	2
SRR29740689	5	1	5	1
SRR29267695	3	2	3	2
SRR29281463	5	1	5	1
SRR29360513	3	2	3	2
SRR29377911	5	1	5	1
SRR29008740	1	1	1	1
ERR13358300	3	2	3	2
SRR30027739	1	1	1	1
SRR27384588	3	2	3	?
SRR29679778	?	?	1	1
SRR29694549	5	1	5	1
SRR27181075	1	1	1	1
SRR27181294	?	2	?	2
SRR27181513	1	1	1	1
SRR27181732	3	2	3	2
SRR31107658	1	1	1	1
SRR30589504	3	2	3	2
SRR3126287	1	1	1	1
SRR3879777	9	2	9	2
SRR5428801	1	?	1	?
SRR7974506	3	?	3	?
SRR14341106	1	1	1	1
SRR27709515	?	?	?	?
SRR27490378	1	1	1	1
SRR24839091	5	1	5	1
SRR24839310	5	1	5	1
SRR24839529	5	1	5	1
SRR24839748	5	1	5	1
SRR24843268	5	1	5	1
SRR28073574	?	?	3	2
ERR3474587	3	2	3	2
SRR15282380	2	2	2	2
SRR15282606	2	2	2	2
SRR15282832	2	2	2	2
SRR19404202	1	1	1	1
SRR17349435	7	3	7	3
SRR4414067	?	?	?	?
SRR6674577	3	2	3	2
SRR11445795	3	2	3	2
ERR4552888	1	1	1	1
SRR8875120	3	?	3	?
SRR10960874	1	1	1	1
SRR10161137	?	?	?	?
SRR10058443	3	?	?	?
SRR28616375	?	?	?	?
SRR26542315	3	2	3	2
SRR28420347	3	2	3	2
SRR28752581	5	1	5	1
SRR28388441	1	1	1	1
SRR24842863	5	1	5	1
SRR24843230	5	1	5	1
SRR12389612	9	2	9	2
SRR16183378	7	9	7	9
SRR16359831	9	2	9	2
ERR7167886	5	8	5	8
SRR18273492	3	2	3	2
SRR29953205	5	1	5	1
SRR28995136	1	1	1	1
SRR28834907	5	1	5	1
SRR29478193	3	2	3	2
SRR29740690	5	1	5	1
SRR29267696	3	2	3	2
SRR29281464	5	1	5	1
SRR29360514	3	2	3	?
SRR29377912	5	1	5	1
SRR29008753	1	1	1	1
ERR13358301	3	2	3	2
SRR30027740	3	2	3	2
SRR27384589	3	2	3	2
SRR29679779	?	?	1	1
SRR29694550	5	1	5	1
SRR27181076	1	2	1	2
SRR27181295	1	1	1	1
SRR27181514	1	1	1	1
SRR27181733	3	2	3	2
SRR30610057	?	?	1	?
SRR30714669	3	?	?	?
SRR31107659	1	1	1	1
SRR30589505	3	2	3	2
SRR3126288	1	1	1	1
SRR7661304	1	1	1	1
SRR5894315	3	?	3	?
SRR7974508	3	?	3	?
SRR14341107	1	1	1	1
SRR27709516	?	?	?	?
SRR27490379	1	1	1	1
SRR24839092	5	1	5	1
SRR24839311	5	1	5	1
SRR24839530	5	1	5	1
SRR24839749	5	1	5	1
SRR24843270	5	1	5	1
SRR28073575	3	2	3	2
ERR3474588	3	2	3	2
SRR15282381	2	2	2	2
SRR15282607	2	2	2	2
SRR15282833	2	2	2	2
SRR19404203	1	1	1	1
SRR17349436	7	3	7	3
SRR4414068	?	?	?	?
SRR6674578	3	2	3	2
SRR11445796	3	2	3	2
ERR4552889	1	1	1	1
SRR8875121	3	?	3	?
SRR10960875	1	1	1	1
SRR10161138	?	?	?	?
SRR10058444	3	?	?	?
SRR14242176	?	?	?	?
SRR28616376	?	?	5	1
SRR26542316	3	2	3	2
SRR28420348	3	2	3	2
SRR28752582	5	1	5	1
SRR28388442	1	1	1	1
SRR24842864	5	1	5	1
SRR24843231	5	1	5	1
SRR12389613	9	2	9	2
SRR16183379	7	9	7	9
SRR16359832	9	2	9	2
ERR7167887	5	8	5	8
SRR18273493	1	1	1	1
SRR29953206	5	1	5	1
SRR28995137	1	1	1	1
SRR28834908	5	1	5	1
SRR29478194	1	1	1	1
SRR29740691	5	1	5	1
SRR29248299	3	2	3	2
SRR29281465	5	1	5	1
SRR29360515	3	2	3	2
SRR29377913	5	1	5	1
SRR29008754	3	2	3	2
ERR13358303	3	2	3	2
SRR29679695	?	?	1	1
SRR27384590	3	2	3	2
SRR29679780	?	?	3	2
SRR29694551	5	1	5	1
SRR27181077	3	2	3	2
SRR27181515	1	1	1	1
SRR27181734	3	2	3	2
SRR30714670	1	1	1	?
SRR31107660	1	1	1	1
SRR30589506	3	2	3	2
SRR3126289	1	1	1	1
SRR7661323	7	9	7	9
SRR5894316	3	?	?	?
SRR1577747	?	?	3	2
SRR14341108	1	1	1	1
SRR27709517	?	?	?	?
SRR27490380	1	1	1	1
SRR24839093	5	1	5	1
SRR24839312	5	1	5	1
SRR24839531	5	1	5	1
SRR24839750	5	1	5	1
SRR24843271	5	1	5	1
SRR28073576	3	2	3	2
ERR3474589	3	2	3	2
SRR15282382	2	2	2	2
SRR15282608	2	2	2	2
SRR15282834	2	2	2	2
SRR19404204	1	1	1	1
SRR17349437	7	3	7	3
SRR4414069	?	?	?	?
SRR6674579	3	2	3	2
SRR11445797	3	2	3	2
ERR4552952	1	1	1	1
SRR8875122	3	?	3	?
SRR10960876	1	1	1	1
SRR10161139	?	?	?	?
SRR10058445	3	?	3	?
SRR14242177	3	2	3	2
SRR28616377	?	?	5	1
SRR26542317	3	2	3	2
SRR28420349	3	2	3	2
SRR28752583	5	1	5	1
SRR28388443	1	1	1	1
SRR24842865	5	1	5	1
SRR24843232	5	1	5	1
SRR12389614	9	2	9	2
SRR16183380	7	9	7	9
SRR16359833	9	2	9	2
ERR7167888	5	8	5	8
SRR18273494	3	2	3	2
SRR29953207	5	1	5	1
SRR28995138	1	1	1	1
SRR28834911	5	1	5	1
SRR29478195	1	1	1	1
SRR29740692	5	1	5	1
SRR29248300	3	2	3	2
SRR29281466	5	1	5	1
SRR29360516	3	2	3	2
SRR29377914	5	1	5	1
SRR29008755	3	2	3	2
ERR13358304	3	2	3	2
SRR29679696	?	?	1	1
SRR27384591	3	2	3	2
SRR29679781	?	?	3	2
SRR29694552	5	1	5	1
SRR27181078	3	2	3	2
SRR27181297	3	2	3	2
SRR27181516	1	?	?	?
SRR27181735	1	1	1	1
SRR30714671	1	1	1	1
SRR31107661	1	1	1	1
SRR30589507	3	2	3	2
SRR3126290	1	1	1	1
SRR7661324	3	2	3	2
SRR5894317	3	?	?	?
SRR1577748	?	?	3	2
SRR14341109	1	1	1	1
SRR27709518	?	?	?	?
SRR27490381	1	1	1	1
SRR24839094	5	1	5	1
SRR24839313	5	1	5	1
SRR24839532	5	1	5	1
SRR24839751	5	1	5	1
SRR24843272	5	1	5	1
SRR28073577	?	?	3	2
ERR3474590	3	2	3	2
SRR15282383	2	2	2	2
SRR15282609	2	2	2	2
SRR15282835	2	2	2	2
SRR19404205	?	?	1	?
SRR17349438	7	3	7	3
SRR6470191	1	1	1	1
SRR6674580	3	2	3	2
SRR11445798	3	2	3	2
ERR4552953	1	1	1	1
SRR8875123	3	?	3	?
SRR10960877	1	1	1	1
SRR10161140	?	?	?	?
SRR10058446	3	?	?	?
SRR14242178	3	2	3	2
SRR28616378	?	?	5	1
SRR26542318	3	2	3	2
SRR28420350	3	2	3	2
SRR28752584	5	1	5	1
SRR28388444	1	1	1	1
SRR24842866	5	1	5	1
SRR24843233	5	1	5	1
SRR12389615	6	2	6	2
SRR16183381	7	2	7	2
SRR16359834	9	2	9	2
ERR7167889	5	8	5	8
SRR18273495	3	2	3	2
SRR29953208	5	1	5	1
SRR28995139	1	1	1	1
SRR28834912	5	1	5	1
SRR29478196	3	2	3	2
SRR29740693	5	1	5	1
SRR29248301	3	2	3	2
SRR29281467	5	1	5	1
SRR29360517	3	2	3	2
SRR29377915	5	1	5	1
SRR29008756	1	1	1	1
ERR13358306	3	2	3	2
SRR29679697	?	?	1	1
SRR27384592	3	2	3	2
SRR29679782	?	?	1	1
SRR29694553	5	1	5	1
SRR27181079	3	2	3	2
SRR27181298	3	2	3	2
SRR27181517	1	1	1	1
SRR27181736	1	1	1	1
SRR30714894	1	1	1	1
SRR31107662	1	1	1	1
SRR30589508	3	2	3	2
SRR3126291	1	1	1	1
SRR7661325	5	1	5	1
SRR5894318	3	?	?	?
SRR1577759	?	?	3	2
SRR14341110	1	1	1	1
SRR27709519	?	?	?	?
SRR27490382	1	1	1	1
SRR24839095	5	1	5	1
SRR24839314	5	1	5	1
SRR24839533	5	1	5	1
SRR24839752	5	1	5	1
SRR24843273	5	1	5	1
SRR28073578	?	?	3	2
ERR3474591	3	2	3	2
SRR15282384	2	2	2	2
SRR15282610	2	2	2	2
SRR15282836	2	2	2	2
SRR19404206	?	?	1	?
SRR17349439	7	3	7	3
SRR6470192	1	1	1	1
SRR6674581	3	2	3	2
SRR11445799	3	2	3	2
ERR4552955	1	1	1	1
SRR8875124	3	?	3	?
SRR10960878	1	1	1	1
SRR10161141	?	?	?	?
SRR10294694	3	?	3	?
SRR14242179	3	2	3	2
SRR28616379	?	?	5	1
SRR26542319	3	2	3	2
SRR28420351	3	2	3	2
SRR28752585	5	1	5	1
SRR28388445	1	1	1	1
SRR24842867	5	1	5	1
SRR24843240	5	1	5	1
SRR12389616	6	2	6	2
SRR16183382	7	9	7	9
SRR16359835	9	2	9	2
ERR7167890	5	8	5	8
SRR18273496	3	2	3	2
SRR29953209	5	1	5	1
SRR28995140	1	1	1	1
SRR28834913	5	1	5	1
SRR29478197	3	2	3	2
SRR29740694	5	1	5	1
SRR29248302	3	2	3	2
SRR29281468	5	1	5	1
SRR29360518	3	2	3	2
SRR29377916	5	1	5	1
SRR29008760	3	2	3	2
ERR13358307	3	2	3	2
SRR29679698	?	?	1	1
SRR27384593	3	2	3	2
SRR29679783	?	?	1	1
SRR29694554	5	1	5	1
SRR27181080	?	?	?	?
SRR27181299	3	2	3	2
SRR27181518	?	?	?	?
SRR27181737	?	?	?	?
SRR30714895	1	1	1	1
SRR31107663	1	1	1	1
SRR30589509	3	2	3	2
SRR3126292	1	1	1	1
SRR6116989	1	?	1	?
SRR5894341	3	?	3	?
SRR1577768	?	?	3	2
SRR14341111	1	1	1	1
SRR27709520	?	?	?	?
SRR27490383	1	1	1	1
SRR24839096	5	1	5	1
SRR24839315	5	1	5	1
SRR24839534	5	1	5	1
SRR24839753	5	1	5	1
SRR24843274	5	1	5	1
SRR28073579	?	?	3	2
ERR3474592	3	2	3	2
SRR15282385	2	2	2	2
SRR15282611	2	2	2	2
SRR15282837	2	2	2	2
SRR19404207	?	?	1	?
SRR17349440	7	3	7	3
SRR6470193	1	1	1	1
SRR6674582	3	2	3	2
SRR11445800	3	2	3	2
ERR4552957	1	1	1	1
SRR8875125	3	?	3	?
SRR10960879	1	1	1	1
SRR10161142	?	?	?	?
SRR10294695	3	?	3	?
SRR25784123	?	?	?	1
SRR14242180	3	2	3	2
SRR28616380	?	?	5	1
SRR26542320	3	2	3	2
SRR28420352	1	1	1	1
SRR28752586	5	1	5	1
SRR28388446	1	1	1	1
SRR24842870	5	1	5	1
SRR24843242	5	1	5	1
SRR16183383	7	9	7	9
SRR16359836	9	2	9	2
ERR7167891	7	1	7	1
SRR18273497	3	2	3	2
SRR29953210	5	1	5	1
SRR28995141	1	1	1	1
SRR28834914	5	1	5	1
SRR29478198	1	1	1	1
SRR29740695	5	1	5	1
SRR29248303	1	1	1	1
SRR29281469	5	1	5	1
SRR29360519	3	2	3	2
SRR29377917	5	1	5	1
SRR29008761	1	1	1	1
ERR13358308	3	2	3	2
SRR29679699	?	?	3	2
SRR27384594	3	2	3	2
SRR29679787	?	?	3	2
SRR29694555	5	1	5	1
SRR27181300	3	2	3	2
SRR27181519	?	?	?	?
SRR27181738	3	2	3	2
SRR31143035	1	1	1	1
SRR30714896	1	1	?	?
SRR31107664	1	1	1	1
SRR30589510	3	2	3	2
SRR3126293	1	1	1	1
SRR6116990	1	?	1	?
SRR5894342	3	?	?	?
SRR5314799	?	?	?	?
SRR14341112	1	1	1	1
SRR27709521	?	?	?	?
SRR27490384	1	1	1	1
SRR24839097	5	1	5	1
SRR24839316	5	1	5	1
SRR24839535	5	1	5	1
SRR24839754	5	1	5	1
SRR24843275	5	1	5	1
SRR28073580	?	?	3	2
ERR3474593	3	2	3	2
SRR15282386	2	2	2	2
SRR15282612	2	2	2	2
SRR15282838	2	2	2	2
SRR19404208	?	?	1	?
SRR17349441	7	3	7	3
SRR6470194	1	?	1	?
SRR6674583	3	2	3	2
SRR11445801	3	2	3	2
ERR4552958	1	1	1	1
SRR8875126	3	?	3	?
SRR10960880	1	1	1	1
SRR10161143	?	?	?	?
SRR10294696	3	?	3	?
SRR14242181	3	2	3	2
SRR28616381	?	?	5	1
SRR26542321	3	2	3	2
SRR28420353	3	2	3	2
SRR28752587	5	1	5	1
SRR28388447	?	?	1	?
SRR24842871	5	1	5	1
SRR24843243	5	1	5	1
SRR12389618	1	7	10	7
ERR5050914	1	1	1	1
SRR16359837	9	2	9	2
ERR7167892	7	8	7	8
SRR18273498	1	1	1	1
SRR29953211	5	1	5	1
SRR28995142	1	1	1	1
SRR28834917	5	1	5	1
SRR29478199	3	?	3	?
SRR29740696	5	1	5	1
SRR29248304	1	1	1	1
SRR29281470	5	1	5	1
SRR29360520	3	2	3	2
SRR29379462	1	1	1	1
SRR29008762	1	1	1	1
ERR13358309	3	2	3	2
SRR29679700	?	?	1	1
SRR27384595	3	2	3	2
SRR29679788	?	?	1	1
SRR29694556	5	1	5	1
SRR27181082	3	2	3	2
SRR27181301	3	2	3	2
SRR27181520	1	2	1	2
SRR27181739	?	?	?	?
SRR31143036	1	1	1	1
SRR30714897	1	?	?	?
SRR31107665	1	1	1	1
SRR30589511	3	2	3	2
SRR3126294	1	1	1	1
SRR6116991	1	?	1	?
SRR5894344	3	?	?	?
SRR5314800	?	?	?	?
SRR14341113	1	1	1	1
SRR27709522	?	?	?	?
SRR27490385	1	1	1	1
SRR24839098	5	1	5	1
SRR24839317	5	1	5	1
SRR24839536	5	1	5	1
SRR24839755	5	1	5	1
SRR24843276	5	1	5	1
SRR28073581	3	2	3	2
ERR3474594	3	?	3	?
SRR15282387	2	2	2	2
SRR15282613	2	2	2	2
SRR15282839	2	2	2	2
SRR19404209	?	?	1	?
SRR17349442	7	3	7	3
SRR6470195	1	?	1	?
SRR6674584	3	2	3	2
SRR11445802	3	2	3	2
ERR4552960	1	1	1	1
SRR8875127	3	?	3	?
SRR10960881	1	1	1	1
SRR10161144	?	?	?	?
SRR10294697	3	?	3	?
SRR14242182	3	2	3	2
SRR28616382	?	?	5	1
SRR26542322	3	2	3	2
SRR28420354	1	1	1	1
SRR28752588	5	1	5	1
SRR28388448	1	1	1	1
SRR24842874	5	1	5	1
SRR24843244	5	1	5	1
SRR12389619	3	8	3	8
ERR5050915	1	1	1	1
SRR16359838	9	2	9	2
ERR7167893	7	1	7	1
SRR18273499	1	1	1	1
SRR29953212	5	1	5	1
SRR28995143	1	1	1	1
SRR28834918	5	1	5	1
SRR29478200	1	1	1	1
SRR29740697	5	1	5	1
SRR29248305	1	1	1	1
SRR29281471	5	1	5	1
SRR29360521	3	2	3	2
SRR29379463	3	2	3	2
SRR29008763	3	2	3	2
ERR13358310	3	2	3	2
SRR29679701	?	?	1	1
SRR27384596	1	1	1	1
SRR29679789	?	?	1	1
SRR29694557	5	1	5	1
SRR27181083	?	2	?	2
SRR27181302	3	2	3	2
SRR27181521	1	1	1	1
SRR27181740	3	2	3	2
SRR31143037	1	1	1	1
SRR30714898	3	2	3	?
SRR31107666	1	1	1	1
SRR30589512	3	2	3	2
SRR3126295	1	1	1	1
SRR6116992	1	?	1	?
SRR5894345	3	?	?	?
SRR5314801	?	?	?	?
SRR14420360	1	2	?	2
ERR12036763	9	2	9	2
SRR27490386	1	1	1	1
SRR24839099	5	1	5	1
SRR24839318	5	1	5	1
SRR24839537	5	1	5	1
SRR24839756	5	1	5	1
SRR24843277	5	1	5	1
SRR28073582	3	2	3	2
ERR3474595	3	2	3	2
SRR15282388	2	2	2	2
SRR15282614	2	2	2	2
SRR19404210	?	?	1	?
SRR17349443	7	3	7	3
SRR6470196	1	?	1	?
SRR6674585	3	2	3	2
SRR11445803	3	2	3	2
ERR4552962	1	1	1	1
SRR8875128	3	?	3	?
SRR10960882	1	1	1	1
SRR10161145	?	?	?	?
SRR10294698	3	?	3	?
SRR25784126	3	?	3	2
SRR14242183	3	2	3	2
SRR28616383	?	?	5	1
SRR26542323	3	2	3	2
SRR28420355	3	2	3	2
SRR28752589	5	1	5	1
SRR28388449	1	1	1	1
SRR24842875	5	1	5	1
SRR24843245	5	1	5	1
SRR12389620	1	7	10	7
ERR5050916	1	1	1	1
SRR16359839	9	2	9	2
ERR7167894	7	1	7	1
SRR18273500	3	2	3	2
SRR29953213	5	1	5	1
SRR28995144	1	1	1	1
SRR28834919	5	1	5	1
SRR29478201	3	2	3	2
SRR29740698	5	1	5	1
SRR29248306	1	1	1	1
SRR29281472	5	1	5	1
SRR29360522	3	2	3	2
SRR29379464	3	2	3	2
SRR29008764	1	1	1	1
ERR13358311	3	2	3	2
SRR29679702	?	?	1	1
SRR27384597	3	2	3	2
SRR29679790	?	?	1	1
SRR29694558	5	1	5	1
SRR27181084	?	?	?	?
SRR27181303	3	2	3	2
SRR27181522	1	1	1	1
SRR27181741	3	2	3	2
SRR31143038	1	1	1	1
SRR30714899	3	2	3	?
SRR31107667	1	1	1	1
SRR30589513	3	2	3	2
SRR3126296	1	1	1	1
SRR6116993	1	?	1	?
SRR5894347	3	?	3	?
SRR5314802	?	?	?	?
SRR14420361	1	2	1	2
ERR12036764	9	2	9	2
SRR27490387	1	1	1	1
SRR24839100	5	1	5	1
SRR24839319	5	1	5	1
SRR24839538	5	1	5	1
SRR24839757	5	1	5	1
SRR24843278	5	1	5	1
SRR28073583	?	?	3	2
ERR3474596	3	2	3	2
SRR15282389	2	2	2	2
SRR15282615	2	2	2	2
SRR15282841	2	2	2	2
SRR19404211	?	?	1	?
SRR17349444	7	3	7	3
SRR6470197	1	?	1	?
SRR6674586	3	2	3	2
SRR11445804	3	2	3	2
ERR4552964	1	1	1	1
SRR8875129	3	?	3	?
SRR10960883	1	1	1	1
SRR10294699	3	?	3	?
SRR14242184	3	2	3	2
SRR28616384	?	?	5	1
SRR26542324	3	2	3	2
SRR28420356	1	1	1	1
SRR28752590	5	1	5	1
SRR28388450	1	1	1	1
SRR24842876	5	1	5	1
SRR24843246	5	1	5	1
SRR12389621	8	4	8	4
ERR5050917	1	1	1	1
SRR16359840	9	2	9	2
SRR16770171	1	1	1	1
SRR18273501	3	2	3	2
SRR29953214	5	1	5	1
SRR28995145	1	1	1	1
SRR28834922	5	1	5	1
SRR29487424	1	1	1	1
SRR29740699	5	1	5	1
SRR29248307	3	2	3	2
SRR29360523	3	2	3	2
SRR29379465	3	2	3	2
SRR29008765	3	2	3	2
ERR13358312	3	2	3	2
SRR29679711	?	?	1	1
SRR27384598	3	2	3	?
SRR29679791	?	?	3	2
SRR29694559	5	1	5	1
SRR27181085	3	2	3	2
SRR27181304	?	2	?	2
SRR27181523	1	?	1	?
SRR27181742	1	1	1	1
SRR31143039	1	1	1	1
SRR30714900	3	2	3	2
SRR31107668	1	1	1	1
SRR30589514	3	2	3	2
SRR3126297	1	1	1	1
SRR6116994	1	?	1	?
SRR5894348	3	?	3	?
SRR5314803	?	?	?	?
SRR14420362	1	2	1	?
ERR12036765	9	2	9	2
SRR27490388	1	1	1	1
SRR24839101	5	1	5	1
SRR24839320	5	1	5	1
SRR24839539	5	1	5	1
SRR24839758	5	1	5	1
SRR24843280	5	1	5	1
SRR28073584	3	2	3	2
ERR3474597	3	2	3	2
SRR15282390	2	2	2	2
SRR15282616	2	2	2	2
SRR15282842	2	2	2	2
SRR19404212	1	1	1	1
SRR17349445	7	3	7	3
SRR6470198	1	?	1	?
SRR6674587	3	2	3	2
SRR11445805	3	2	3	2
ERR4552965	1	1	1	1
SRR8875130	3	?	3	?
SRR10960884	1	1	1	1
SRR10161147	?	?	?	?
SRR10294700	3	?	3	?
SRR14242185	3	2	3	2
SRR28616385	?	?	5	1
SRR26542325	3	2	3	2
SRR28420357	1	1	1	1
SRR28752591	5	1	5	1
SRR28388451	1	1	1	1
SRR24842877	5	1	5	1
SRR24843254	5	1	5	1
SRR12389622	6	6	6	6
ERR5050918	1	1	1	1
SRR16359841	9	2	9	2
SRR16770172	1	1	1	1
SRR18273502	3	2	3	2
SRR29953215	5	1	5	1
SRR28995146	1	1	1	1
SRR28834925	5	1	5	1
SRR29487425	1	1	1	1
SRR29740700	5	1	5	1
SRR29248308	3	2	3	2
SRR29360524	3	2	3	2
SRR29085717	1	1	1	1
SRR29008766	3	2	3	2
ERR13358313	3	2	3	2
SRR29679733	?	?	1	1
SRR27384599	3	2	3	2
SRR29679792	?	?	1	1
SRR29694560	5	1	5	1
SRR27181086	3	2	3	2
SRR27181305	1	1	1	1
SRR27181524	3	2	3	2
SRR27181743	3	2	3	2
SRR31143040	1	1	1	1
SRR30714901	3	?	3	?
SRR31120493	1	1	1	1
SRR30589515	3	2	3	2
SRR3126298	1	1	1	1
SRR6116995	1	?	1	?
SRR5894349	3	?	3	?
SRR5314804	?	?	?	?
SRR14420363	1	2	1	2
ERR12036766	9	2	9	2
SRR27490389	1	1	1	1
SRR24839102	5	1	5	1
SRR24839321	5	1	5	1
SRR24839540	5	1	5	1
SRR24839759	5	1	5	1
SRR24843281	5	1	5	1
SRR28073585	1	1	1	1
ERR3474598	3	2	3	2
SRR15282391	2	2	2	2
SRR15282617	2	2	2	2
SRR15282843	2	2	2	2
SRR19404213	?	?	1	?
SRR17349446	7	3	7	3
SRR6470199	1	?	1	?
SRR6674588	3	2	3	2
SRR11445806	3	2	3	2
ERR4552966	1	1	1	1
SRR8875131	3	?	3	?
SRR10960885	1	1	1	1
SRR10161148	?	?	?	?
SRR10294701	3	?	3	?
SRR14242186	3	2	3	2
SRR28616386	?	?	5	1
SRR26542326	3	2	3	2
SRR28420358	1	1	1	1
SRR28752592	5	1	5	1
SRR28388452	1	1	1	1
SRR24842878	5	1	5	1
SRR24843255	5	1	5	1
SRR12389623	6	1	6	1
ERR5050919	1	1	1	1
SRR16359842	9	2	9	2
SRR16770173	1	1	1	1
SRR18273503	3	2	3	2
SRR29953216	5	1	5	1
SRR28995147	1	1	1	1
SRR28834938	5	1	5	1
SRR29487426	1	1	1	1
SRR29740701	5	1	5	1
SRR29248309	1	1	1	1
SRR29360525	3	2	3	2
SRR29085718	3	2	3	2
SRR29008767	3	2	3	2
ERR13358314	3	2	3	2
SRR29679735	?	?	1	1
SRR27384600	1	1	1	1
SRR29679795	?	?	1	1
SRR29694561	5	1	5	1
SRR27181087	3	2	3	2
SRR27181306	3	2	3	2
SRR27181525	?	2	?	2
SRR27181744	?	?	?	?
SRR31143041	3	2	3	2
SRR30714902	?	?	?	?
SRR31120494	1	1	1	1
SRR30589516	3	2	3	2
SRR3126299	1	1	1	1
SRR6116996	1	?	1	?
SRR5894352	3	?	3	?
SRR5314805	?	?	?	?
SRR14420364	1	2	1	2
ERR12036767	9	2	9	2
SRR27490390	1	1	1	1
SRR24839103	5	1	5	1
SRR24839322	5	1	5	1
SRR24839541	5	1	5	1
SRR24839760	5	1	5	1
SRR24843282	5	1	5	1
SRR28073586	?	?	1	1
ERR3474599	3	2	3	2
SRR15282392	2	2	2	2
SRR15282618	2	2	2	2
SRR15282844	2	2	2	2
SRR19404214	?	?	1	?
SRR17349447	7	3	7	3
SRR6470200	1	?	1	?
SRR6674589	3	2	3	2
SRR11445807	3	2	3	2
ERR4552968	1	1	1	1
SRR8875132	3	?	3	?
SRR10960886	1	1	1	1
SRR10161149	?	?	?	?
SRR10294702	3	?	3	?
SRR25784130	3	2	3	2
SRR14242190	3	2	3	2
SRR28616387	?	?	5	1
SRR26542327	3	2	3	2
SRR28420359	1	1	1	1
SRR28752593	5	1	5	1
SRR28388453	1	1	1	1
SRR24842879	5	1	5	1
SRR24843256	5	1	5	1
SRR12389624	4	6	4	6
ERR5050921	1	1	1	1
SRR16359843	9	2	9	2
SRR16770174	1	1	1	1
SRR18273504	3	2	3	2
SRR29953217	5	1	5	1
SRR28995148	1	1	1	1
SRR28834939	5	1	5	1
SRR29487427	1	1	1	1
SRR29740702	5	1	5	1
SRR29248310	1	1	1	1
SRR29360526	3	2	3	2
SRR29085719	3	2	3	2
SRR29008768	1	1	1	1
ERR13358315	3	2	3	2
SRR29679746	?	?	1	1
SRR27384601	3	2	3	2
SRR29679806	?	?	1	1
SRR29694562	5	1	5	1
SRR27181088	3	2	3	2
SRR27181307	?	?	?	?
SRR27181526	?	2	?	2
SRR27181745	3	2	3	2
SRR31143042	3	2	3	2
SRR30714903	3	2	3	2
SRR31062724	5	1	5	1
SRR30589517	3	2	3	2
SRR3126300	1	1	1	1
SRR6116997	1	?	1	?
SRR5894354	3	?	3	?
SRR5314806	?	?	?	?
SRR14420365	?	2	?	2
ERR12036768	9	2	9	2
SRR27490391	1	1	1	1
SRR24839104	5	1	5	1
SRR24839323	5	1	5	1
SRR24839542	5	1	5	1
SRR24839761	5	1	5	1
SRR24843283	5	1	5	1
SRR28073587	3	2	3	2
ERR3474600	3	2	3	2
SRR15282393	2	2	2	2
SRR15282620	2	2	2	2
SRR15282845	2	2	2	2
SRR19404215	?	?	1	?
SRR17349448	7	3	7	3
SRR6470201	1	?	1	1
SRR6674590	3	2	3	2
SRR11445808	3	2	3	2
ERR4552970	1	1	1	1
SRR8875133	3	?	3	?
SRR10960887	1	1	1	1
SRR10161150	?	?	?	?
SRR10294703	3	?	3	?
SRR25784131	3	?	3	?
SRR14242191	3	2	3	2
SRR28616388	?	?	5	1
SRR26544532	3	2	3	2
SRR28420360	1	1	1	1
SRR28752594	5	1	5	1
SRR28388454	1	1	1	1
SRR24842880	5	1	5	1
SRR24843257	5	1	5	1
SRR12389625	1	5	12	5
ERR5050922	1	1	1	1
SRR16359844	9	2	9	2
SRR16770175	1	1	1	1
SRR18273505	3	2	3	2
SRR29953218	5	1	5	1
SRR28995149	1	1	1	1
SRR28834940	5	1	5	1
SRR29487428	1	1	1	1
SRR29740703	5	1	5	1
SRR29248311	1	1	1	1
SRR29360527	3	2	3	2
SRR29085720	3	2	3	2
SRR29008769	1	1	1	1
ERR13358316	3	2	3	2
SRR29679756	?	?	1	1
SRR27384602	3	2	3	2
SRR29679817	?	?	1	1
SRR29694563	5	1	5	1
SRR27181089	?	2	?	2
SRR27181308	?	2	?	2
SRR27181527	3	2	3	2
SRR27181746	3	2	3	2
SRR31143043	1	1	1	1
SRR30714904	3	2	3	2
SRR31062725	5	1	5	1
SRR30589518	3	2	3	2
SRR3126301	1	1	1	1
SRR6116998	1	?	1	?
SRR5894357	3	?	3	?
SRR3036850	7	7	7	7
SRR14420366	1	2	1	2
ERR12036769	9	2	9	2
SRR27490392	1	1	1	1
SRR24839105	5	1	5	1
SRR24839324	5	1	5	1
SRR24839543	5	1	5	1
SRR24839762	5	1	5	1
SRR24843284	5	1	5	1
SRR28073588	?	?	3	2
ERR3474601	1	1	1	1
SRR15282394	2	2	2	2
SRR15282621	2	2	2	2
SRR15282846	2	2	2	2
SRR19404216	1	1	1	1
SRR17349449	7	3	7	3
SRR6470202	1	?	1	?
SRR6674591	3	2	3	2
SRR11445809	3	2	3	2
ERR4552972	1	1	1	1
SRR8875134	3	?	3	?
SRR8297897	1	1	1	1
SRR10161151	?	?	?	?
SRR10294704	3	?	3	?
SRR14242202	3	2	3	2
SRR28616389	?	?	5	1
SRR26544533	3	2	3	2
SRR28420361	3	2	3	2
SRR28752595	5	1	5	1
SRR28388455	1	1	1	1
SRR24842881	5	1	5	1
SRR24843258	5	1	5	1
SRR12389626	3	8	3	8
ERR5050923	1	1	1	1
SRR16359845	9	2	9	2
SRR16770176	1	1	1	1
SRR18273506	3	2	3	2
SRR29953219	5	1	5	1
SRR28995150	1	1	1	1
SRR28834944	5	1	5	1
SRR29487429	1	1	1	1
SRR29740704	5	1	5	1
SRR29248312	3	2	3	2
SRR29360528	3	2	3	2
SRR29085721	1	1	1	1
SRR29008770	1	1	1	1
ERR13358317	3	2	3	2
SRR29679758	?	?	3	2
SRR27384603	3	2	3	2
SRR29679828	?	?	1	1
SRR29694564	5	1	5	1
SRR27181090	1	1	1	1
SRR27181309	?	2	?	2
SRR27181528	3	2	3	2
SRR27181747	3	2	3	2
SRR31143044	1	1	1	1
SRR30714905	3	2	3	2
SRR31062726	5	1	5	1
SRR30589519	3	2	3	2
SRR3126302	1	1	1	1
SRR6116999	1	?	1	?
SRR5894358	3	?	?	?
SRR3036852	7	7	7	7
SRR14420367	1	2	1	2
ERR12036770	9	2	9	2
SRR27490393	3	1	3	1
SRR24839106	5	1	5	1
SRR24839325	5	1	5	1
SRR24839544	5	1	5	1
SRR24839763	5	1	5	1
SRR24843285	5	1	5	1
SRR28073589	3	2	3	2
ERR3474602	3	2	3	2
SRR15282395	2	2	2	2
SRR15282622	2	2	2	2
SRR15282847	2	2	2	2
SRR19404217	1	1	1	1
SRR17349450	7	3	7	3
SRR6470203	1	?	1	?
SRR6674592	3	2	3	2
SRR11445810	3	2	3	2
ERR4552973	1	1	1	1
SRR8875135	3	?	3	?
SRR8297899	1	1	1	1
SRR10161152	?	?	?	?
SRR10294705	3	?	3	?
SRR14242213	3	2	3	2
SRR28616390	?	?	5	1
SRR26544534	3	2	3	2
SRR28420362	3	2	3	2
SRR28752596	5	1	5	1
SRR28388456	1	1	1	1
SRR24842882	5	1	5	1
SRR24843259	5	1	5	1
SRR12389627	1	5	12	5
ERR5050924	1	1	1	1
SRR16359846	9	2	9	2
SRR16770177	1	1	1	1
SRR18273507	1	1	1	1
SRR29953220	5	1	5	1
SRR28995151	1	1	1	1
SRR28834945	5	1	5	1
SRR29487430	3	2	3	2
SRR29740705	5	1	5	1
SRR29248313	1	1	1	1
SRR29360529	3	2	3	2
SRR29085722	1	1	1	1
SRR29008771	1	1	1	1
ERR13358318	3	2	3	2
SRR29679759	?	?	3	2
SRR27384604	3	2	3	2
SRR29679839	?	?	1	1
SRR29694565	5	1	5	1
SRR27181091	?	2	?	2
SRR27181310	3	2	3	2
SRR27181529	3	2	3	2
SRR27181748	1	2	1	1
SRR31143045	1	1	1	1
SRR30714906	3	2	3	2
SRR31062727	5	1	5	1
SRR30589520	3	2	3	2
SRR3126303	1	1	1	1
SRR6117000	1	?	1	?
SRR5894360	3	?	?	?
SRR3036854	7	7	7	7
SRR14420368	1	2	1	2
ERR12036771	9	2	9	2
SRR27490394	1	1	1	1
SRR24839107	5	1	5	1
SRR24839326	5	1	5	1
SRR24839545	5	1	5	1
SRR24839764	5	1	5	1
SRR24843286	5	1	5	1
SRR28073590	?	?	1	1
ERR3474603	3	2	3	2
SRR15282396	2	2	2	2
SRR15282623	2	2	2	2
SRR15282848	2	2	2	2
SRR19404218	1	1	1	1
SRR17349451	7	3	7	3
SRR6470204	1	?	1	?
SRR6674593	3	2	3	2
SRR11445811	3	2	3	2
ERR4552976	1	1	1	1
SRR8875136	3	?	3	?
SRR8297900	1	1	1	1
SRR10161153	?	?	?	?
SRR10294706	3	?	3	?
SRR14242224	3	2	3	2
SRR25222259	9	2	9	2
SRR26544535	3	2	3	2
SRR28420363	3	2	3	2
SRR28752597	5	1	5	1
SRR28388457	1	1	1	1
SRR24842883	5	1	5	1
SRR24843263	5	1	5	1
SRR12389628	4	6	4	6
ERR5050925	1	1	1	1
SRR16359847	9	2	9	2
SRR16770178	1	1	1	1
SRR18273508	1	1	1	1
SRR29953221	5	1	5	1
SRR28995152	1	1	1	1
SRR28834946	5	1	5	1
SRR29487431	3	2	3	2
SRR29740706	5	1	5	1
SRR29248314	1	1	1	?
SRR29360530	3	2	3	2
SRR29085723	3	2	3	2
SRR29008772	1	1	1	1
ERR13358319	3	2	3	2
SRR29679760	?	?	3	2
SRR27384605	3	2	3	2
SRR29679855	?	?	1	1
SRR29694566	5	1	5	1
SRR27181092	3	2	3	2
SRR27181311	3	2	3	2
SRR27181530	3	2	3	2
SRR27181749	?	?	?	?
SRR31143046	1	1	1	1
SRR30714907	3	2	3	2
SRR31062728	5	1	5	1
SRR30589521	3	2	3	2
SRR3126304	1	1	1	1
SRR6117001	1	?	1	?
SRR5894810	3	?	3	?
SRR3036856	7	7	7	7
SRR14420369	1	2	1	2
ERR12036772	9	2	9	2
SRR27490395	1	1	1	1
SRR24839108	5	1	5	1
SRR24839327	5	1	5	1
SRR24839546	5	1	5	1
SRR24839765	5	1	5	1
SRR24843288	5	1	5	1
SRR28073591	?	?	3	2
ERR3474604	3	2	3	2
SRR15282397	2	2	2	2
SRR15282624	2	2	2	2
SRR15282849	2	2	2	2
SRR19404219	1	1	1	1
SRR17349452	7	3	7	3
SRR6470205	1	?	1	?
SRR6674594	3	2	3	2
SRR11445812	3	2	3	2
ERR4552977	1	1	1	1
SRR8875137	3	?	3	?
SRR8297901	1	1	1	1
SRR10161154	?	?	?	?
SRR10294707	3	?	3	?
SRR14242235	3	2	3	2
SRR25222260	9	1	9	1
SRR26544536	3	2	3	2
SRR28420364	3	2	3	2
SRR28752598	5	1	5	1
SRR28388458	1	?	1	?
SRR24842884	5	1	5	1
SRR24843269	5	1	5	1
SRR12389629	4	6	4	6
ERR5050926	1	1	1	1
SRR16359848	9	2	9	2
SRR16770179	1	1	1	1
SRR18273509	1	1	1	1
SRR29953222	5	1	5	1
SRR28995153	1	1	1	1
SRR28834949	5	1	5	1
SRR29487432	1	1	1	1
SRR29740707	5	1	5	1
SRR29248315	1	1	1	1
SRR29360531	1	1	1	1
SRR29085724	1	1	1	1
SRR29008773	1	1	1	1
ERR13358320	3	2	3	2
SRR29679761	?	?	1	1
SRR27384606	3	2	3	2
SRR29679858	?	?	1	1
SRR29694567	5	1	5	1
SRR27181312	3	2	3	2
SRR27181531	3	2	3	2
SRR27181750	1	2	1	2
SRR31143047	1	1	1	1
SRR30714908	3	2	3	2
SRR31062729	5	1	5	1
SRR30589522	3	2	3	2
SRR3126305	1	1	1	1
SRR6117002	1	?	1	?
SRR5894811	3	?	3	?
SRR3036860	7	7	7	7
SRR14420370	?	?	?	?
ERR12036773	9	2	9	2
SRR27490396	3	?	3	?
SRR24839109	5	1	5	1
SRR24839328	5	1	5	1
SRR24839547	5	1	5	1
SRR24839766	5	1	5	1
SRR24843289	5	1	5	1
SRR28073592	?	?	3	2
ERR3474605	3	2	3	2
SRR15282398	2	2	2	2
SRR15282625	2	2	2	2
SRR15282850	2	2	2	2
SRR19404220	1	1	1	1
SRR17349453	7	3	7	3
SRR6470206	1	?	1	?
SRR6674595	3	2	3	2
SRR11445813	3	2	3	2
ERR4552979	1	1	1	1
SRR8875138	3	?	3	?
SRR10972179	1	1	?	?
SRR10161155	?	?	?	?
SRR10294708	3	?	3	?
SRR25784136	1	1	1	1
SRR25222261	1	1	1	?
SRR26544537	3	2	3	2
SRR28420365	3	2	3	2
SRR28752599	5	1	5	1
SRR28388459	1	1	1	1
SRR24842885	5	1	5	1
SRR24843279	5	1	5	1
SRR12389630	9	2	9	2
ERR5050927	1	1	1	1
SRR16359849	9	2	9	2
SRR16770180	1	1	1	1
SRR18273510	1	1	1	1
SRR29953223	5	1	5	1
SRR28995154	1	1	1	1
SRR28834952	5	1	5	1
SRR29487433	1	1	?	1
SRR29740708	5	1	5	1
SRR29248316	3	2	3	2
SRR29360532	3	2	3	2
SRR29085725	1	1	1	1
SRR29008774	3	2	3	2
ERR13358321	3	2	3	2
SRR29679762	?	?	1	1
SRR27384607	3	2	?	2
SRR29679860	?	?	1	1
SRR29694568	5	1	5	1
SRR27181094	?	2	?	2
SRR27181313	3	2	3	2
SRR27181532	3	2	3	2
SRR27181751	3	2	3	2
SRR31143048	1	1	1	1
SRR30714909	3	2	3	2
SRR31062730	5	1	5	1
SRR30589523	3	2	3	2
SRR3126306	1	1	1	1
SRR6117003	1	?	1	?
SRR5894812	3	?	3	?
SRR3036864	7	7	7	7
SRR14420371	1	2	1	2
ERR12036774	9	2	9	2
SRR24839110	5	1	5	1
SRR24839329	5	1	5	1
SRR24839548	5	1	5	1
SRR22726251	1	1	1	1
SRR24843290	5	1	5	1
SRR28073593	?	?	3	2
ERR3474606	3	2	3	2
SRR15282399	2	2	2	2
SRR15282626	2	2	2	2
SRR15282851	2	2	2	2
SRR19404221	1	1	1	1
SRR17349454	7	3	7	3
SRR6470207	1	?	1	?
SRR6674596	3	2	3	2
SRR11445814	3	2	3	2
ERR4552980	1	1	1	1
SRR8875139	3	?	3	?
SRR10161156	?	?	?	?
SRR10294709	3	?	3	?
SRR14242253	3	2	3	2
SRR25222287	9	2	9	2
SRR26544538	3	2	3	2
SRR28420366	3	2	3	2
SRR28752600	5	1	5	1
SRR28388460	1	1	1	1
SRR24842886	5	1	5	1
SRR24843287	5	1	5	1
SRR12389631	9	2	9	2
ERR5050928	1	1	1	1
SRR16359850	9	2	9	2
SRR16770181	1	1	1	1
SRR18273511	3	2	3	2
SRR29953224	5	1	5	1
SRR28995155	1	1	1	1
SRR28834955	5	1	5	1
SRR29487434	1	1	1	?
SRR29740709	5	1	5	1
SRR29248317	3	2	3	2
SRR29360533	3	2	3	2
SRR29085726	3	2	3	2
SRR29008775	1	1	1	1
ERR13358322	3	2	3	2
SRR29679764	?	?	1	1
SRR27384608	3	2	3	2
SRR29679861	?	?	1	1
SRR29694569	5	1	5	1
SRR27181095	?	?	?	?
SRR27181314	3	2	3	2
SRR27181533	3	2	3	2
SRR27181752	3	2	3	2
SRR31143049	1	1	1	1
SRR30714910	3	2	3	2
SRR31062731	5	1	5	1
SRR30589524	3	2	3	2
SRR3126307	1	1	1	1
SRR6117004	1	?	1	?
SRR5894813	3	?	3	?
SRR14420372	?	?	?	?
ERR12036775	9	2	9	2
SRR27490398	1	1	1	1
SRR24839111	5	1	5	1
SRR24839330	5	1	5	1
SRR24839549	5	1	5	1
SRR22726252	1	1	1	1
SRR24843292	5	1	5	1
SRR28073594	?	?	1	1
ERR3474607	3	2	3	2
SRR15282400	2	2	2	2
SRR15282627	2	2	2	2
SRR15282852	2	2	2	2
SRR19404222	1	1	1	1
SRR17349455	7	3	7	3
SRR6470208	1	?	1	?
SRR6674597	3	2	3	2
SRR11445815	3	2	3	2
ERR4552982	1	1	1	1
SRR8875140	3	?	3	?
SRR1757953	1	1	1	1
SRR10294710	3	?	3	?
SRR14242254	3	2	3	2
SRR25222288	1	1	1	1
SRR28834850	5	1	5	1
SRR28420367	3	2	3	2
SRR28752601	5	1	5	1
SRR28388461	1	1	1	1
SRR24842887	5	1	5	1
SRR24843291	5	1	5	1
SRR12389632	9	2	9	2
ERR5050929	1	1	1	1
SRR16359851	9	2	9	2
SRR16770182	1	1	1	1
SRR18273512	3	2	3	2
SRR29953225	5	1	5	1
SRR28995156	1	1	1	1
SRR28834959	5	1	5	1
SRR29487435	1	1	1	1
SRR29740710	5	1	5	1
SRR29248318	1	1	1	1
SRR29360534	3	2	3	2
SRR29085727	3	2	3	2
SRR29008776	1	1	1	1
ERR13358323	3	2	3	2
SRR29679765	?	?	3	2
SRR27384609	3	2	3	2
SRR29679863	?	?	1	1
SRR29694570	5	1	5	1
SRR27181096	3	2	3	2
SRR27181315	?	2	?	2
SRR27181534	3	2	3	2
SRR27181753	1	1	1	1
SRR31143050	3	2	3	2
SRR30714911	3	2	3	2
SRR31062732	5	1	5	1
SRR30589525	3	2	3	2
SRR3126308	1	1	1	1
SRR6117005	1	?	1	?
SRR5894815	3	?	3	?
SRR3036911	7	7	7	7
SRR14420373	1	2	1	2
ERR12036776	9	2	9	2
SRR27490399	1	1	1	1
SRR24839112	5	1	5	1
SRR24839331	5	1	5	1
SRR24839550	5	1	5	1
SRR22690214	5	1	5	1
SRR24843293	5	1	5	1
SRR28073595	?	?	3	2
ERR3474608	1	1	1	1
SRR15282401	2	2	2	2
SRR15282628	2	2	2	2
SRR15282853	2	2	2	2
SRR19404223	1	1	1	1
SRR17349456	7	3	7	3
SRR6470209	1	1	1	1
SRR5215228	3	2	3	2
SRR11445816	3	2	3	2
ERR4552983	1	1	1	1
SRR8875141	3	?	3	?
SRR1758092	1	1	1	1
SRR10161158	?	?	?	?
SRR10294711	3	?	3	?
SRR25784139	3	2	3	2
SRR14242255	3	2	3	2
SRR25222289	1	1	1	1
SRR28834851	5	1	5	1
SRR28420368	3	2	3	2
SRR28752602	5	1	5	1
SRR28388462	1	1	1	1
SRR24842888	5	1	5	1
SRR24843295	5	1	5	1
SRR12389633	3	6	3	6
ERR5050931	1	1	1	1
SRR16359852	9	2	9	2
SRR16770183	1	1	1	1
SRR18273513	3	2	3	2
SRR29953226	5	1	5	1
SRR28995157	1	1	1	1
SRR28834960	5	1	5	1
SRR29487436	3	2	3	2
SRR29740711	5	1	5	1
SRR29248319	1	1	1	1
SRR29360535	3	2	3	2
SRR29085728	3	2	3	2
SRR29009364	1	1	1	1
ERR13358326	1	1	1	1
SRR29679766	?	?	1	1
SRR27384610	3	2	3	2
SRR29679868	?	?	3	?
SRR29694571	5	1	5	1
SRR27181097	3	2	?	?
SRR27181316	3	2	3	2
SRR27181535	3	2	3	2
SRR27181754	1	1	1	1
SRR31143051	1	1	1	1
SRR30714912	3	2	3	2
SRR31062733	5	1	5	1
SRR30589526	3	2	3	2
SRR3126309	1	1	1	1
SRR6117006	1	?	1	?
SRR5894816	3	?	3	?
SRR3036914	7	7	7	7
SRR14420374	1	2	1	2
SRR26114016	5	1	5	1
SRR27490400	1	1	1	1
SRR24839113	5	1	5	1
SRR24839332	5	1	5	1
SRR24839551	5	1	5	1
SRR22690215	5	1	5	1
SRR24843294	5	1	5	1
SRR28073596	3	2	3	2
ERR3474609	3	2	3	2
SRR15282402	2	2	2	2
SRR15282629	2	2	2	2
SRR15282854	2	2	2	2
SRR19404224	1	1	1	1
SRR17349457	7	3	7	3
SRR6470210	1	?	1	?
SRR5215229	3	2	3	2
SRR11445817	3	2	3	2
ERR4552985	1	1	1	1
SRR8875142	3	?	3	?
SRR1758164	1	1	1	1
SRR10161159	?	?	?	?
SRR10294712	3	?	3	?
SRR25784140	?	?	?	?
SRR14242256	3	2	3	2
SRR25222290	9	2	9	2
SRR28834852	5	1	5	1
SRR28420369	3	2	3	2
SRR28752603	5	1	5	1
SRR28388463	1	1	1	1
SRR24842891	5	1	5	1
SRR24843300	5	1	5	1
SRR12389634	1	2	11	2
SRR16359853	9	2	9	2
SRR16770184	1	1	1	1
SRR18273514	1	1	1	1
SRR29953227	5	1	5	1
SRR28995158	1	1	1	1
SRR28834961	5	1	5	1
SRR29487437	1	1	1	1
SRR29740712	5	1	5	1
SRR29248320	3	2	3	2
SRR29008741	1	1	1	1
SRR29360536	3	2	3	2
SRR29085729	1	1	1	1
SRR29009365	1	1	1	1
ERR13358328	1	1	1	1
SRR29679767	?	?	1	1
SRR27384611	1	1	1	1
SRR29679872	?	?	1	1
SRR29694572	5	1	5	1
SRR27181098	3	2	3	2
SRR27181317	1	1	1	1
SRR27181536	3	2	3	2
SRR27181755	3	?	3	?
SRR31143052	1	1	1	1
SRR30714913	?	?	?	?
SRR31062734	5	1	5	1
SRR30589527	3	2	3	2
SRR3126310	1	1	1	1
SRR6117007	1	?	1	?
SRR5894817	3	?	3	?
SRR3036916	7	7	7	7
SRR14420375	?	2	?	?
SRR28015178	1	1	1	1
SRR27490401	1	1	1	1
SRR24839114	5	1	5	1
SRR24839333	5	1	5	1
SRR24839552	5	1	5	1
SRR22690216	5	1	5	1
SRR24843296	5	1	5	1
SRR28073597	?	?	3	2
ERR3474610	3	2	3	2
SRR15282403	2	2	2	2
SRR15282630	2	2	2	2
SRR15282855	2	2	2	2
SRR19404225	1	1	1	1
SRR17349458	7	3	7	3
SRR6470211	1	1	1	1
SRR5215230	3	2	3	2
SRR11445818	3	2	3	2
ERR4552987	1	1	1	1
SRR8875143	3	?	3	?
SRR1926120	3	2	3	2
SRR10161160	?	?	?	?
SRR10294713	3	?	3	?
SRR14242257	3	2	3	2
SRR25222291	1	1	1	1
SRR28834853	5	1	5	1
SRR28420370	3	2	3	2
SRR28752604	5	1	5	1
SRR28388464	1	1	1	1
SRR24842893	5	1	5	1
SRR24843301	5	1	5	1
SRR12389635	1	2	11	2
SRR12187092	?	?	3	?
SRR16359854	9	2	9	2
SRR16770185	1	1	1	1
SRR18273515	1	1	1	1
SRR29953228	5	1	5	1
SRR28995159	1	1	1	1
SRR28834962	5	1	5	1
SRR29487438	3	2	3	2
SRR29740713	5	1	5	1
SRR29248321	3	2	3	2
SRR29008742	1	1	1	1
SRR29360537	3	2	3	2
SRR29085730	1	1	1	1
SRR29009366	1	1	1	1
ERR13358325	3	2	3	2
SRR29679768	?	?	3	2
SRR27384612	3	2	3	2
SRR29679879	?	?	1	1
SRR29694573	5	1	5	1
SRR27181099	1	2	1	1
SRR27181318	?	2	?	2
SRR27181537	3	2	3	2
SRR27181756	3	2	3	2
SRR31143053	3	2	3	2
SRR30714914	3	2	3	2
SRR31062735	5	1	5	1
SRR30589528	3	2	3	2
SRR6117008	1	?	1	?
SRR5894818	3	?	3	?
SRR3036917	7	7	7	7
SRR14420376	1	2	1	2
SRR28015179	1	1	1	1
SRR27490402	1	1	1	1
SRR24839115	5	1	5	1
SRR24839334	5	1	5	1
SRR24839553	5	1	5	1
SRR22690217	5	1	5	1
SRR24843297	5	1	5	1
SRR28073598	1	1	1	1
ERR3474611	3	2	3	2
SRR15282404	2	2	2	2
SRR15282631	2	2	2	2
SRR15282856	2	2	2	2
SRR19404226	1	1	1	1
SRR17349459	7	3	7	3
SRR6470212	1	1	1	1
SRR5215231	3	2	3	2
SRR11445819	3	2	3	2
ERR4552989	1	1	1	1
SRR8875144	3	?	3	?
SRR1928119	1	1	1	1
SRR10161161	?	?	?	?
SRR10294714	3	?	3	?
SRR14242258	3	2	3	2
SRR25222292	9	2	9	2
SRR28834854	5	1	?	1
SRR28420371	3	2	3	2
SRR28752605	5	1	5	1
SRR28388465	1	1	1	1
SRR24842894	5	1	5	1
SRR24843307	5	1	5	1
SRR12389636	1	1	11	1
SRR12187128	?	?	1	1
SRR16359855	9	2	9	2
SRR16770186	1	1	1	1
SRR18273516	1	1	1	1
SRR29953229	5	1	5	1
SRR28995160	1	1	1	1
SRR28834963	5	1	5	1
SRR29487439	1	1	1	1
SRR29740714	5	1	5	1
SRR29248322	3	2	3	2
SRR29008743	1	1	1	1
SRR29360538	3	2	3	2
SRR29085731	3	2	3	2
SRR29009367	1	1	1	1
ERR13358327	1	1	1	1
SRR29679784	?	?	1	1
SRR27384613	3	2	3	2
SRR29679880	?	?	1	1
SRR29694574	5	1	5	1
SRR27181100	1	1	1	1
SRR27181319	1	1	1	1
SRR27181538	?	2	?	2
SRR27181757	1	1	1	1
SRR31143054	3	2	3	2
SRR30714915	3	2	3	2
SRR31062736	5	1	5	1
SRR30589529	3	2	3	2
SRR3126312	1	1	1	1
SRR6117009	1	?	1	?
SRR7598294	7	9	7	9
SRR3036919	7	7	7	7
SRR14420377	1	2	1	2
SRR28015180	1	1	1	1
SRR24236434	1	1	1	1
SRR24839116	5	1	5	1
SRR24839335	5	1	5	1
SRR24839554	5	1	5	1
SRR22690218	5	1	5	?
SRR24843298	5	1	5	1
SRR28073599	1	1	1	1
ERR3474612	3	2	3	2
SRR15282405	2	2	2	2
SRR15282632	2	2	2	2
SRR15282857	2	2	2	2
SRR19404227	1	1	1	1
SRR17349460	7	3	7	3
SRR6470213	1	1	1	1
SRR5215232	3	2	3	2
SRR11445820	3	2	3	2
ERR4552990	1	1	1	1
SRR8875145	3	?	3	?
SRR1928146	3	2	3	2
SRR10161162	?	?	?	?
SRR10294715	3	?	3	?
SRR14242259	3	2	3	2
SRR25222293	1	1	1	1
SRR28834855	5	1	5	1
SRR28420372	3	2	3	2
SRR28752606	5	1	5	1
SRR28388466	1	1	1	1
SRR24842895	5	1	5	1
SRR24843308	5	1	5	1
SRR12389637	1	1	11	1
SRR12187129	?	?	1	1
SRR16359856	9	2	9	?
SRR16770187	1	1	1	1
SRR18273517	1	1	1	1
SRR29953230	5	1	5	1
SRR28995161	1	1	1	1
SRR28834964	5	1	5	1
SRR29487440	1	1	1	1
SRR29740715	5	1	5	1
SRR29248323	3	2	3	2
SRR29008744	3	2	3	2
SRR29360539	3	2	3	2
SRR29085732	1	1	1	1
SRR29009382	1	1	1	1
ERR13358329	1	1	1	1
SRR29679786	?	?	1	1
SRR27384614	3	2	3	2
SRR29679881	?	?	1	1
SRR29694575	5	1	5	1
SRR27181101	?	?	?	?
SRR27181320	1	1	1	1
SRR27181539	3	2	3	2
SRR27181758	3	2	3	2
SRR31143055	3	2	3	2
SRR30714916	3	2	3	2
SRR31062737	5	1	5	1
SRR30589530	3	2	3	2
SRR3126313	1	1	1	1
SRR6117010	1	?	1	?
SRR7598295	7	9	7	9
SRR3036920	7	7	7	7
SRR14420378	1	?	1	?
SRR28015181	1	1	1	1
SRR24236435	1	1	1	1
SRR24839117	5	1	5	1
SRR24839336	5	1	5	1
SRR24839555	5	1	5	1
SRR22690219	5	1	5	1
SRR24843299	5	1	5	1
SRR28073600	?	?	3	2
ERR3474613	3	2	3	2
SRR15282406	2	2	2	2
SRR15282633	2	2	2	2
SRR15282859	2	2	2	2
SRR19404228	1	1	1	1
SRR17349461	7	3	7	3
SRR6470214	1	1	1	1
SRR5215233	3	2	3	2
SRR11445821	3	2	3	2
ERR4552992	1	1	1	1
SRR8875146	3	?	3	?
SRR1928148	3	2	3	2
SRR10161163	?	?	?	?
SRR10294716	3	?	3	?
SRR14242260	3	2	3	2
SRR25222294	9	2	9	2
SRR28834884	5	1	5	1
SRR28420379	1	1	1	1
SRR28752607	5	1	5	1
SRR28388467	1	1	1	1
SRR24842896	5	1	5	1
SRR24843309	5	1	5	1
SRR12389638	4	6	4	6
SRR12187130	?	?	1	1
SRR16359857	9	2	9	2
SRR16770188	1	1	1	1
SRR18273518	1	1	1	1
SRR29953231	5	1	5	1
SRR28995162	1	1	1	1
SRR25382840	1	1	1	1
SRR29487441	3	2	3	2
SRR29740716	5	1	5	1
SRR29248324	3	2	3	2
SRR29008745	3	2	3	2
SRR29360540	3	2	3	2
SRR29085733	1	1	1	1
SRR29009383	1	1	1	1
ERR13358330	1	1	1	1
SRR29679847	?	?	1	1
SRR27384615	3	2	3	2
SRR29679882	?	?	1	1
SRR29694576	5	1	5	1
SRR27181102	1	1	1	1
SRR27181540	?	?	?	?
SRR27181759	3	2	3	2
SRR31143056	3	2	3	2
SRR31062738	5	1	5	1
SRR30589531	3	2	3	2
SRR3126314	1	1	1	1
SRR6117011	1	?	1	?
SRR7598298	7	9	7	9
SRR3036945	7	7	7	7
SRR14420379	?	2	?	?
SRR28015182	1	1	1	1
SRR24236436	1	1	1	1
SRR24839118	5	1	5	1
SRR24839337	5	1	5	1
SRR24839556	5	1	5	1
SRR22690220	5	1	5	1
SRR24843302	5	1	5	1
SRR28073601	?	?	3	2
ERR3474614	3	2	3	2
SRR15282407	2	2	2	2
SRR15282634	2	2	2	2
SRR15282860	2	2	2	2
SRR19404229	1	1	1	1
SRR17349462	7	3	7	3
SRR6470215	1	1	1	1
SRR5215234	3	2	3	2
SRR11445822	3	2	3	2
ERR4552995	1	1	1	1
SRR8875147	3	?	3	?
SRR10161164	?	?	?	?
SRR10294717	3	?	3	?
SRR14242261	3	2	3	2
SRR25222307	9	2	9	2
SRR28834888	5	1	5	1
SRR28420380	1	1	1	1
SRR28752608	5	1	5	1
SRR28388468	1	1	1	1
SRR24842897	5	1	5	1
SRR24843310	5	1	5	1
SRR12389639	4	5	4	5
SRR12187131	?	?	1	1
SRR16359858	9	2	9	2
SRR16770189	1	1	1	1
SRR18273519	3	2	3	2
SRR29953232	5	1	5	1
SRR28995163	1	1	1	1
SRR25382841	1	1	1	1
SRR29487442	3	2	3	2
SRR29740717	5	1	5	1
SRR29248325	3	2	3	2
SRR29008746	1	1	1	1
SRR29360541	1	1	1	1
SRR29085734	1	1	1	1
SRR29009384	1	1	1	1
SRR29543293	5	1	5	1
SRR29679848	?	?	1	1
SRR27384616	3	2	3	2
SRR29679893	?	?	1	1
SRR29694577	5	1	5	1
SRR27181103	?	?	?	?
SRR27181322	3	2	3	2
SRR27181541	3	2	3	2
SRR27181760	3	2	3	2
SRR31143057	1	1	1	1
SRR30714918	3	?	?	?
SRR31062739	5	1	5	1
SRR30589532	3	2	3	2
SRR3126315	1	1	1	1
SRR6117012	1	?	1	?
SRR7598300	?	?	7	9
SRR14420380	1	2	1	2
SRR28015183	1	1	1	1
SRR24236437	1	1	1	1
SRR24839119	5	1	5	1
SRR24839338	5	1	5	1
SRR24839557	5	1	5	1
SRR22690221	5	1	5	1
SRR24843303	5	1	5	1
SRR28073602	?	?	1	1
ERR3474615	3	2	?	2
SRR15282408	2	2	2	2
SRR15282635	2	2	2	2
SRR15282861	2	2	2	2
SRR19404230	1	1	1	1
SRR17349463	7	3	7	3
SRR6470216	1	?	1	?
SRR5215235	3	2	3	2
SRR11445823	3	2	3	2
ERR4553213	1	1	1	1
SRR8875148	3	?	3	?
SRR10161165	?	?	?	?
SRR10294718	3	?	3	?
SRR14242262	3	2	3	2
SRR25222308	1	?	1	?
SRR28834889	5	1	5	1
SRR28420381	1	1	1	1
SRR28752609	5	1	5	1
SRR28388469	1	?	1	?
SRR24842898	5	1	5	1
SRR24843316	5	1	5	1
SRR12389640	4	5	4	5
SRR12187132	?	?	1	1
SRR16359859	9	2	9	2
SRR16770190	1	1	1	1
SRR18273520	1	1	1	1
SRR29953233	5	1	5	1
SRR28995164	1	1	1	1
SRR25382842	3	2	3	2
SRR29487443	1	1	1	1
SRR29740718	5	1	5	1
SRR29248326	3	2	3	2
SRR29008747	1	1	1	1
SRR29360542	1	1	1	1
SRR29085735	1	1	1	1
SRR29009385	1	1	1	1
SRR29543294	5	1	5	1
SRR29679850	?	?	1	1
SRR27384617	3	2	3	2
SRR29679894	?	?	1	1
SRR29694578	5	1	5	1
SRR27181104	3	2	3	2
SRR27181323	3	2	3	2
SRR27181542	3	2	3	2
SRR27181761	3	2	3	2
SRR31143058	1	1	1	1
SRR30714919	?	?	?	?
SRR31062740	5	1	5	1
SRR30589533	3	2	3	2
SRR3126316	1	1	1	1
SRR6117013	1	?	1	?
SRR10569276	1	1	1	1
SRR5229586	3	2	3	2
SRR14420381	1	2	1	2
SRR28015184	3	2	3	2
SRR24236438	1	1	1	1
SRR24839120	5	1	5	1
SRR24839339	5	1	5	1
SRR24839558	5	1	5	1
SRR22690222	5	1	5	1
SRR24843304	5	1	5	1
SRR28073603	1	1	1	1
ERR3474617	3	2	3	2
SRR15282409	2	2	2	2
SRR15282636	2	2	2	2
SRR15282862	2	2	2	2
SRR19404231	1	1	1	1
SRR17349464	7	3	7	3
SRR6470217	1	1	1	1
SRR5215236	3	2	3	2
SRR11445824	3	2	3	2
ERR4553215	1	1	1	1
SRR8875149	3	?	3	?
SRR8662426	6	1	1	1
SRR10161166	?	?	?	?
SRR10294719	3	?	3	?
SRR21931417	?	?	1	1
SRR14242263	3	2	3	2
SRR25222309	9	2	9	2
SRR28834890	5	1	5	1
SRR28420383	3	2	3	2
SRR28752610	5	1	5	1
SRR28388470	1	1	1	1
SRR24842899	5	1	5	1
SRR24843317	5	1	5	1
SRR12389641	9	2	9	2
SRR16359860	9	2	9	2
SRR16770191	1	1	1	1
SRR18273521	1	1	1	1
SRR29953234	5	1	5	1
SRR28995165	1	1	1	1
SRR25382843	1	1	1	1
SRR29487444	1	1	1	1
SRR29740719	5	1	5	1
SRR29248327	3	2	3	2
SRR29008748	1	1	1	1
SRR29360543	1	1	1	1
SRR29085736	3	2	3	?
SRR29009386	1	1	1	1
SRR29543295	5	1	5	1
SRR29681028	1	1	1	1
SRR27384618	3	2	3	2
SRR29681030	3	2	3	2
SRR29694579	5	1	5	1
SRR27181105	1	1	1	1
SRR27181324	3	2	3	2
SRR27181543	?	?	?	?
SRR27181762	?	1	1	1
SRR31143059	3	2	3	2
SRR30714920	3	2	3	?
SRR31062741	5	1	5	1
SRR30589534	3	2	3	2
SRR3126317	1	1	1	1
SRR6117014	1	?	1	?
SRR10569277	1	1	1	1
SRR5229587	3	2	3	2
SRR14420382	1	2	1	2
SRR28015185	3	2	3	2
SRR24236439	1	1	1	1
SRR24839121	5	1	5	1
SRR24839340	5	1	5	1
SRR24839559	5	1	5	1
SRR22690223	5	1	5	1
SRR24843305	5	1	5	1
SRR28073604	?	?	3	2
ERR3474618	3	2	3	2
SRR15282410	2	2	2	2
SRR15282637	2	2	2	2
SRR15282863	2	2	2	2
SRR19404232	1	1	1	1
SRR17349465	7	3	7	3
SRR6470218	1	1	1	1
SRR5215237	3	2	3	2
SRR11445825	3	2	3	2
ERR4553217	1	1	1	1
SRR8875150	3	?	3	?
SRR13000260	1	1	1	1
SRR10161167	?	?	?	?
SRR10294720	3	?	3	?
SRR21931418	?	?	1	1
SRR14242264	3	2	3	2
SRR25222310	9	2	9	2
SRR28834891	5	1	5	1
SRR28420384	3	2	3	2
SRR28752611	5	1	5	1
SRR28388471	1	1	1	1
SRR24842900	5	1	5	1
SRR24843321	5	1	5	1
SRR12389642	4	2	4	2
SRR12187134	?	?	1	1
SRR16359861	9	2	9	2
SRR16770192	1	1	1	1
SRR18273522	1	1	1	1
SRR29953235	5	1	5	1
SRR28995166	1	1	1	1
SRR25382844	3	2	3	2
SRR29487445	3	2	3	2
SRR29740720	5	1	5	1
SRR29248328	1	1	1	1
SRR29008749	1	1	1	1
SRR29360544	3	2	3	2
SRR29085737	1	1	1	1
SRR29009387	3	2	3	2
SRR29543296	5	1	5	1
SRR29681029	3	2	3	2
SRR27384619	3	2	3	2
SRR29681033	3	2	3	2
SRR29694580	5	1	5	1
SRR27181106	3	2	3	2
SRR27181325	3	2	3	2
SRR27181544	3	2	3	2
SRR31121015	1	1	1	1
SRR30714921	?	?	?	?
SRR31062742	5	1	5	1
SRR30589535	3	2	3	2
SRR3126318	1	1	1	1
SRR6117015	1	?	1	?
SRR10569278	1	1	1	1
SRR5229588	3	2	3	2
SRR14420383	?	2	?	?
SRR28015186	1	1	1	1
SRR24236440	1	1	1	1
SRR24839122	5	1	5	1
SRR24839341	5	1	5	1
SRR24839560	5	1	5	1
SRR22690224	5	1	5	1
SRR24843306	5	1	5	1
SRR28073605	?	?	3	2
ERR3474619	3	2	3	2
SRR15282411	2	2	2	2
SRR15282638	2	2	2	2
SRR15282864	2	2	2	2
SRR19404233	1	1	1	1
SRR17349466	7	3	7	3
SRR6470219	1	?	1	?
SRR5215238	3	2	3	2
SRR11445826	3	2	3	2
ERR4553218	1	1	1	1
SRR8875151	3	?	3	?
SRR13000261	1	1	1	1
SRR10161168	?	?	?	?
SRR10294721	3	?	3	?
SRR21931419	?	?	1	1
SRR14242265	3	2	3	2
SRR25222311	9	2	9	2
SRR28834892	5	1	5	1
SRR28420385	3	2	3	2
SRR28752612	5	1	5	1
SRR28388472	1	1	1	1
SRR24842901	5	1	5	1
SRR24843322	5	1	5	1
SRR12389643	4	2	4	2
SRR12187135	?	?	3	2
SRR16359862	9	2	9	2
SRR16770193	1	1	1	1
SRR18273523	1	1	1	1
SRR29953236	5	1	5	1
SRR28995167	1	1	1	1
SRR25382845	1	1	1	1
SRR29487446	3	2	3	2
SRR29740721	5	1	5	1
SRR29248329	1	1	1	1
SRR29008750	1	1	1	1
SRR29360545	3	2	3	2
SRR29085738	3	2	3	2
SRR29009388	1	1	1	1
SRR29543297	5	1	5	1
SRR29681031	1	1	1	1
SRR27384620	3	2	3	2
SRR29692823	?	?	1	1
SRR29694581	5	1	5	1
SRR27181107	3	2	?	2
SRR27181326	3	2	3	2
SRR27181545	?	?	?	?
SRR27181764	1	2	1	1
SRR31121016	1	1	1	1
SRR30714922	3	?	?	?
SRR31062743	5	1	5	1
SRR30589536	3	2	3	2
SRR6117016	1	?	1	?
SRR10569279	1	1	1	1
SRR5229589	3	2	3	2
SRR14420384	1	2	1	2
SRR28015187	1	1	1	1
SRR24236441	1	1	1	1
SRR24839123	5	1	5	1
SRR24839342	5	1	5	1
SRR24839561	5	1	5	1
SRR22690225	5	1	5	1
SRR24843311	5	1	5	1
SRR28073606	3	2	3	2
ERR3474620	3	2	3	2
SRR15282412	2	2	2	2
SRR15282639	2	2	2	2
SRR15282865	2	2	2	2
SRR19404234	1	1	1	1
SRR17349467	7	3	7	3
SRR6470220	1	?	?	1
SRR5215239	3	2	3	2
SRR11445827	3	2	3	2
ERR4553220	1	1	1	1
SRR8875152	3	?	3	?
SRR13000262	1	1	1	1
SRR10161169	?	?	?	?
SRR10294722	3	?	3	?
SRR21931420	?	?	1	1
SRR14242266	3	2	3	2
SRR25222312	9	2	9	2
SRR28834899	5	1	5	1
SRR28420386	1	1	1	1
SRR28752613	5	1	5	1
SRR28388473	1	1	1	1
SRR24842902	5	1	5	1
SRR24843330	5	1	5	1
SRR12389644	3	8	3	8
SRR12187137	?	?	3	2
SRR16359863	9	2	9	2
SRR16770194	1	1	1	1
SRR18273524	1	1	1	1
SRR29953237	5	1	5	1
SRR28995168	1	1	1	1
SRR25382846	3	2	3	2
SRR29487447	3	2	3	2
SRR29740722	5	1	5	1
SRR29248445	3	2	3	2
SRR29008751	1	1	1	1
SRR29360546	3	2	3	2
SRR29085739	1	?	1	?
SRR29009389	1	1	1	1
SRR29543298	5	1	5	1
SRR29681032	3	2	3	2
SRR27384621	3	2	3	2
SRR29692834	?	?	1	1
SRR29694582	5	1	5	1
SRR27181108	?	2	?	2
SRR27181546	1	1	1	1
SRR27181765	?	?	?	?
SRR31121017	1	1	1	1
SRR30714923	3	?	?	?
SRR31062744	5	1	5	1
SRR30589537	3	2	3	2
SRR3126320	1	1	1	1
SRR6117017	1	?	1	?
SRR10569280	1	1	1	1
SRR7106930	?	?	?	?
SRR14420385	1	2	1	2
SRR28015188	1	1	1	1
SRR27663394	3	2	3	2
SRR24839124	5	1	5	1
SRR24839343	5	1	5	1
SRR24839562	5	1	5	1
SRR22690226	5	1	5	1
SRR24843312	5	1	5	1
SRR28073607	3	2	3	2
ERR3474622	3	2	3	2
SRR15282413	2	2	2	2
SRR15282640	2	2	2	2
SRR15282866	2	2	2	2
SRR19404235	1	1	1	1
SRR17349468	7	3	7	3
SRR6470221	1	1	1	1
SRR5215240	3	2	3	2
SRR11445828	3	2	3	2
ERR4553221	1	1	1	1
SRR8875153	3	?	3	?
SRR13000263	1	1	1	1
SRR10294723	3	?	3	?
SRR21931421	?	?	1	1
SRR14242267	3	2	3	2
SRR25222313	9	2	9	2
SRR28834900	5	1	5	1
SRR28420387	1	1	1	1
SRR28752614	5	1	5	1
SRR28388474	1	1	1	1
SRR24842903	5	1	5	1
SRR24843340	5	1	5	1
SRR12389645	3	8	3	8
SRR12187138	?	?	1	1
SRR16359864	9	2	9	2
SRR16770195	1	1	1	1
SRR18273525	1	1	1	1
SRR29953238	5	1	5	1
SRR28995169	1	1	1	1
SRR25382847	1	1	1	1
SRR29487448	1	1	1	1
SRR29740723	5	1	5	1
SRR29248446	3	2	3	2
SRR29008752	1	1	1	1
SRR29360547	3	2	3	2
SRR29085740	1	1	1	1
SRR29009390	1	1	1	1
SRR29543299	5	1	5	1
SRR29681034	1	1	1	1
SRR27384622	1	1	1	1
SRR29692835	?	?	3	2
SRR29694583	5	1	5	1
SRR27181109	?	2	?	2
SRR27181328	3	2	3	2
SRR27181547	1	1	1	1
SRR27181766	1	1	1	1
SRR31121018	1	1	1	1
SRR30714924	1	1	?	1
SRR31062745	5	1	5	1
SRR30589538	3	2	3	2
SRR3126321	1	1	1	1
SRR1766133	1	1	1	1
SRR10569281	1	1	1	1
SRR7106931	?	?	?	?
SRR14420386	?	?	?	?
SRR28015189	1	1	1	1
SRR27663395	3	2	3	2
SRR24839125	5	1	5	1
SRR24839344	5	1	5	1
SRR24839563	5	1	5	1
SRR22690227	5	1	5	1
SRR24843313	5	1	5	1
SRR28073608	3	2	3	2
ERR3474623	3	2	3	2
SRR15282414	2	2	2	2
SRR15282641	2	2	2	2
SRR15282867	2	2	2	2
SRR19404236	1	1	1	1
SRR17349469	7	3	7	3
SRR6470222	1	?	1	?
SRR5215241	3	2	3	2
SRR11445829	3	2	3	2
ERR4553223	1	1	1	1
SRR8875154	3	?	3	?
SRR13000265	1	1	1	1
SRR10161171	?	?	?	?
SRR10294724	3	?	3	?
SRR21931422	?	?	1	1
SRR14242268	3	2	3	2
SRR25222314	?	?	?	?
SRR28834901	5	1	5	1
SRR26371270	3	2	3	2
SRR28752615	5	1	5	1
SRR28388475	1	1	1	1
SRR24842904	5	1	5	1
SRR24843341	5	1	5	1
SRR12389646	?	6	?	6
SRR12187139	?	?	3	2
SRR16359865	9	2	9	2
SRR16770196	1	1	1	1
SRR18273526	1	1	1	1
SRR29953239	5	1	5	1
SRR28995170	1	1	1	1
SRR25382848	1	1	1	1
SRR29487449	1	1	1	1
SRR29740724	5	1	5	1
SRR29248447	3	2	3	2
SRR29008757	1	1	1	1
SRR29360548	3	2	3	2
SRR29085741	3	2	3	2
SRR29009397	3	2	3	2
SRR29543300	5	1	5	1
SRR29681035	3	2	3	2
SRR27384623	3	2	3	2
SRR29692836	?	?	1	1
SRR29694584	5	1	5	1
SRR27181110	3	2	3	2
SRR27181329	?	2	?	2
SRR27181548	3	2	3	2
SRR27181767	3	2	3	2
SRR31121019	1	1	1	1
SRR30714925	?	?	?	?
SRR31062746	5	1	5	1
SRR30589539	3	?	3	?
SRR3126322	1	1	1	1
SRR1766163	1	1	1	1
SRR10569282	1	1	1	1
SRR7106932	?	?	?	?
SRR14420387	1	?	1	?
SRR28015190	1	1	1	1
SRR27663396	3	2	3	2
SRR24839126	5	1	5	1
SRR24839345	5	1	5	1
SRR24839564	5	1	5	1
SRR22690228	5	1	5	1
SRR24843314	5	1	5	1
SRR28073609	?	?	1	1
ERR3474624	3	2	3	2
SRR15282415	2	2	2	2
SRR15282642	2	2	2	2
SRR15282868	2	2	2	2
SRR19404237	1	1	1	1
SRR17349470	7	3	7	3
SRR6470223	1	1	1	1
SRR5215242	3	2	3	2
SRR11445830	3	2	3	2
ERR4553224	1	1	1	1
SRR8875155	3	?	3	?
SRR10161172	?	?	?	?
SRR10294725	3	?	3	?
SRR21931423	?	?	1	1
SRR14242269	3	2	3	2
SRR25222315	9	2	9	2
SRR28834902	5	1	5	1
SRR25266111	1	2	1	2
SRR28752616	5	1	5	1
SRR28388476	1	1	1	1
SRR24842906	5	1	5	1
SRR24843348	5	1	5	1
SRR12389647	4	6	4	6
SRR12187140	?	?	3	?
SRR16359866	9	2	9	2
SRR16770197	1	1	1	1
SRR18273527	3	2	3	2
SRR29953240	5	1	5	1
SRR28995171	1	1	1	1
SRR25382849	1	1	1	1
SRR29487450	1	1	1	1
SRR29740725	5	1	5	1
SRR29248448	3	2	3	2
SRR29008758	1	1	1	1
SRR29360549	3	2	3	2
SRR29085742	1	1	1	1
SRR29009398	1	1	1	1
SRR29543301	5	1	5	1
SRR29681036	3	2	3	2
SRR27384624	3	2	3	2
SRR29692837	?	?	1	1
SRR29694585	5	1	5	1
SRR27181111	3	2	3	2
SRR27181330	3	2	3	2
SRR27181549	1	1	1	1
SRR27181768	?	2	?	2
SRR31121020	1	1	1	1
SRR30714926	?	?	?	?
SRR31062747	5	1	5	1
SRR30589540	3	2	3	2
SRR3126323	1	1	1	1
SRR1766219	1	1	1	1
SRR10569283	1	1	1	1
SRR7106933	?	?	?	?
SRR14420388	1	2	1	2
SRR28015191	1	1	1	1
SRR27663397	3	2	3	2
SRR24839127	5	1	5	1
SRR24839346	5	1	5	1
SRR24839565	5	1	5	1
SRR22690229	5	1	5	1
SRR24843315	5	1	5	1
SRR28073610	?	?	1	1
ERR3474625	3	2	3	2
SRR15282416	2	2	2	2
SRR15282643	2	2	2	2
SRR15282869	2	2	2	2
SRR19404238	1	1	1	1
SRR17349471	7	3	7	3
SRR5125023	9	2	9	2
SRR5215243	3	2	3	2
SRR11445831	3	2	3	2
ERR4553226	1	1	1	1
SRR8875156	3	?	3	?
SRR10161173	?	?	?	?
SRR10294726	3	?	3	?
SRR21931424	?	?	1	1
SRR14242270	3	2	3	2
SRR25222321	9	2	9	2
SRR28834903	5	1	5	1
SRR25266112	1	2	1	2
SRR28752617	5	1	5	1
SRR28388477	1	1	1	1
SRR24842907	5	1	5	1
SRR24843355	5	1	5	1
SRR12389648	4	6	4	6
SRR12187141	?	?	3	2
SRR16359867	9	?	9	?
SRR16770198	1	1	1	1
SRR18273528	3	2	3	2
SRR29953241	5	1	5	1
SRR28995172	1	1	1	1
SRR25382850	1	1	1	1
SRR29487451	1	1	1	1
SRR29740726	5	1	5	1
SRR29248449	3	2	3	2
SRR29008759	1	1	1	1
SRR29360550	3	2	3	2
SRR29085743	1	1	1	1
SRR29009399	1	?	1	?
SRR29543302	5	1	5	1
SRR29681037	3	2	3	2
SRR27384625	3	2	3	2
SRR29692838	?	?	3	2
SRR29694586	5	1	5	1
SRR27181331	3	2	3	2
SRR27181550	1	1	1	1
SRR27181769	1	1	1	1
SRR31121021	1	1	1	1
SRR30714927	3	2	?	?
SRR31062748	5	1	5	1
SRR30589541	3	2	3	2
SRR3126324	1	1	1	1
SRR10569284	1	1	1	1
SRR7106934	?	?	?	?
SRR14420389	1	2	1	2
SRR28015192	1	1	1	1
SRR27663398	3	2	3	2
SRR24839128	5	1	5	1
SRR24839347	5	1	5	1
SRR24839566	5	1	5	1
SRR22690230	5	1	5	1
SRR24843318	5	1	5	1
SRR28073611	?	?	3	2
ERR3474626	1	1	1	1
SRR15282417	2	2	2	2
SRR15282644	2	2	2	2
SRR15282870	2	2	2	2
SRR19404239	1	1	1	1
SRR17349472	7	3	7	3
SRR5127929	9	2	9	2
SRR5215244	3	2	3	2
SRR11445832	3	2	3	2
ERR4553227	1	1	1	1
SRR8875157	3	?	3	?
SRR10161174	?	?	?	?
SRR10294727	3	?	3	?
SRR21931425	?	?	1	1
SRR14242271	3	2	3	2
SRR25222322	9	2	9	2
SRR28834904	5	1	5	1
SRR25266113	1	2	1	2
SRR28752618	5	1	5	1
SRR28388478	1	1	1	1
SRR24842908	5	1	5	1
SRR24843365	5	1	5	1
SRR12389649	6	4	6	4
SRR12187142	?	?	3	?
SRR16359868	9	2	9	2
SRR16770199	1	1	1	1
SRR18273529	3	1	3	1
SRR29953242	5	1	5	1
SRR28995173	1	1	1	1
SRR25382851	3	2	3	2
SRR29487452	1	1	1	1
SRR29740727	5	1	5	1
SRR29248450	1	1	1	1
SRR29009347	3	2	3	2
SRR29360551	3	2	3	2
SRR29085744	3	2	3	2
SRR26854354	3	2	?	2
SRR29543303	5	1	5	1
SRR29681038	3	2	3	2
SRR27384626	3	2	3	2
SRR29692839	?	?	3	2
SRR29694587	5	1	5	1
SRR27181113	3	2	3	2
SRR27181332	?	2	?	2
SRR27181551	1	1	1	1
SRR27181770	3	2	3	2
SRR31121022	1	1	1	1
SRR30714928	3	2	?	?
SRR31062749	5	1	5	1
SRR30589542	3	2	3	2
SRR3126325	1	1	1	1
SRR1219653	?	?	1	?
SRR10569285	1	1	1	1
SRR7106935	?	?	?	?
SRR14420390	?	?	?	?
SRR28015193	1	1	1	1
SRR27663399	3	2	3	2
SRR24839129	5	1	5	1
SRR24839348	5	1	5	1
SRR24839567	5	1	5	1
SRR22690231	5	1	5	1
SRR24843319	5	1	5	1
SRR28073612	?	?	1	1
ERR3474627	3	2	3	2
SRR15282418	2	2	2	2
SRR15282645	2	2	2	2
SRR10436501	1	1	1	1
SRR19404240	1	1	1	1
SRR17349473	7	3	7	3
SRR5128004	9	2	9	2
SRR5215245	3	2	3	2
SRR11445833	3	2	3	2
ERR4553228	1	1	1	1
SRR8875158	3	?	3	?
SRR10161175	?	?	?	?
SRR10294728	3	?	3	?
SRR21931426	?	?	1	1
SRR14242272	3	2	3	2
SRR25222323	9	2	9	2
SRR28834905	5	1	5	1
SRR25266114	1	2	1	2
SRR28752619	5	1	5	1
SRR28388479	1	1	1	1
SRR24842909	5	1	5	1
SRR24843376	5	1	5	1
SRR12389650	6	4	6	4
SRR12187143	?	?	1	1
SRR16359869	9	2	9	?
SRR16770200	1	1	1	1
SRR18273530	3	2	3	2
SRR29953243	5	1	5	1
SRR28995174	1	1	1	1
SRR25382852	3	2	3	2
SRR29487453	1	1	1	1
SRR29740728	5	1	5	1
SRR29248451	3	2	3	2
SRR29009348	3	2	3	2
SRR29360552	3	2	3	2
SRR29085745	3	2	3	2
SRR26854355	3	2	3	2
SRR29543304	5	1	5	1
SRR29681039	3	2	3	2
SRR27384627	3	2	3	2
SRR29692840	?	?	1	1
SRR29694588	5	1	5	1
SRR27181114	?	?	?	?
SRR27181333	1	1	1	1
SRR27181771	3	2	3	2
SRR31121023	3	2	3	2
SRR30714929	3	2	3	?
SRR31062750	5	1	5	1
SRR30589543	3	2	3	2
SRR3126326	1	1	1	1
SRR1219654	?	?	1	?
SRR10569286	1	?	?	?
SRR7106936	?	?	?	?
SRR14420391	1	2	1	2
SRR28015194	1	1	1	1
SRR27663400	3	2	3	2
SRR24839130	5	1	5	1
SRR24839349	5	1	5	1
SRR24839568	5	1	5	1
SRR22690232	5	1	5	1
SRR24843320	5	1	5	1
SRR28073613	?	?	3	2
ERR3474628	1	1	1	1
SRR15282419	2	2	2	2
SRR15282646	2	2	2	2
SRR10436502	1	1	1	1
SRR19404241	1	1	1	1
SRR17349474	7	3	7	3
SRR2054778	1	1	1	1
SRR5215246	3	?	?	?
SRR11445834	3	2	3	2
ERR4553230	1	1	1	1
SRR8875159	3	?	3	?
SRR10161176	?	?	?	?
SRR10294729	3	?	3	?
SRR21931427	?	?	1	1
SRR14242273	3	2	3	2
SRR25222324	1	1	1	1
SRR28834909	5	1	5	1
SRR25266115	1	2	1	2
SRR28752620	5	1	5	1
SRR28388480	1	?	1	?
SRR24842910	5	1	5	1
SRR24843377	5	1	5	1
SRR12389651	2	1	1	1
SRR12187144	?	?	3	2
SRR17769793	1	1	1	1
SRR16770201	1	1	1	1
SRR18273531	3	1	3	1
SRR29953244	5	1	5	1
SRR28995175	1	1	1	1
SRR25382853	1	1	1	1
SRR29487454	1	1	1	1
SRR29740729	5	1	5	1
SRR29248452	3	2	3	2
SRR29009349	1	1	1	1
SRR29360553	3	2	3	2
SRR29085746	1	1	1	1
SRR26854356	3	2	3	2
SRR29543305	5	1	5	1
SRR29681040	3	2	3	2
SRR27384628	3	2	3	2
SRR29692841	?	?	1	1
SRR29694589	5	1	5	1
SRR27181115	1	1	1	1
SRR27181334	?	2	?	2
SRR27181553	1	1	1	1
SRR27181772	?	2	?	2
SRR31121024	3	2	3	2
SRR30714930	3	2	3	2
SRR31062751	5	1	5	1
SRR30589544	3	2	3	2
SRR3126327	1	1	1	1
SRR1219655	?	?	1	?
SRR10569287	1	1	1	1
SRR7106937	?	?	?	?
SRR14420392	1	2	1	2
SRR28015195	1	1	1	1
SRR27663401	3	2	3	2
SRR24839131	5	1	5	1
SRR24839350	5	1	5	1
SRR24839569	5	1	5	1
SRR22690233	5	1	5	1
SRR24843323	5	1	5	1
SRR28073614	?	?	3	2
ERR3474629	3	2	3	2
SRR15282420	2	2	2	2
SRR15282647	2	2	2	2
SRR10436503	1	1	1	1
SRR19404242	1	1	1	1
SRR17349475	7	3	7	3
SRR2054780	1	1	1	1
SRR5215247	3	?	?	?
SRR11445835	3	2	3	2
ERR4553232	1	1	1	1
SRR8875160	3	?	3	?
SRR10161177	?	?	?	?
SRR10294730	3	?	3	?
SRR21931428	?	?	1	1
SRR14242274	3	2	3	2
SRR25222332	1	1	1	1
SRR28834910	5	1	5	1
SRR25266116	1	2	1	2
SRR28752621	5	1	5	1
SRR28388481	1	1	1	1
SRR24842911	5	1	5	1
SRR24843382	5	1	5	1
SRR12389652	1	1	1	1
SRR12187145	?	?	3	2
SRR17769794	1	1	1	1
SRR16770202	1	1	1	1
SRR18273532	3	1	3	1
SRR29953245	5	1	5	1
SRR28995176	1	1	1	1
SRR25382854	1	1	1	1
SRR29487455	1	?	1	?
SRR29740730	5	1	5	1
SRR29248453	1	1	1	1
SRR29009350	1	1	1	1
SRR29360554	3	2	3	2
SRR29085747	1	1	1	1
SRR26854357	3	?	3	?
SRR29543306	5	1	5	1
SRR27384408	1	1	1	1
SRR27384629	3	2	3	2
SRR29692842	?	?	1	1
SRR29694590	5	1	5	1
SRR27181116	3	2	3	2
SRR27181335	3	2	3	2
SRR27181554	1	1	1	1
SRR27181773	?	2	?	2
SRR31121025	1	1	1	1
SRR30714931	1	1	1	1
SRR31062752	5	1	5	1
SRR30589545	3	2	3	2
SRR3126328	1	1	1	1
SRR1219656	?	?	1	?
SRR10569288	1	1	1	1
SRR7106938	?	?	?	?
SRR14420393	1	2	1	2
SRR28015196	1	1	1	1
SRR27663402	3	2	3	2
SRR24839132	5	1	5	1
SRR24839351	5	1	5	1
SRR24839570	5	1	5	1
SRR22690234	5	1	5	1
SRR24843324	5	1	5	1
SRR28073615	?	?	3	2
ERR3474630	3	2	3	2
SRR15282421	2	2	2	2
SRR15282648	2	2	2	2
SRR10436504	1	1	1	1
SRR19404243	1	1	1	1
SRR17349476	7	3	7	3
SRR5215248	3	2	3	2
SRR11445836	3	2	3	2
ERR4553234	1	1	1	1
SRR8875161	3	?	3	?
SRR10161178	?	?	?	?
SRR10294731	3	?	3	?
SRR21931658	7	9	7	9
SRR14242275	3	2	3	2
SRR25222333	9	1	9	1
SRR28834915	5	1	5	1
SRR25266117	1	2	1	2
SRR28752622	5	1	5	1
SRR28388482	1	1	1	1
SRR24842912	5	1	5	1
SRR24843390	5	1	5	1
SRR12389653	2	8	1	8
SRR12187146	?	?	3	2
SRR17769795	1	1	1	1
SRR16770203	1	1	1	1
SRR18273533	3	2	3	2
SRR29953246	5	1	5	1
SRR28995177	1	1	1	1
SRR25382855	1	1	1	1
SRR29740403	5	1	5	1
SRR29740731	5	1	5	1
SRR29248454	3	2	3	2
SRR29009351	1	1	1	1
SRR29360555	1	1	1	1
SRR29085748	1	1	1	1
SRR26854358	3	2	3	2
SRR29543307	5	1	5	1
SRR27384409	3	2	3	2
SRR27384630	3	2	3	2
SRR29692843	?	?	1	1
SRR29694591	5	1	5	1
SRR27181117	?	2	?	2
SRR27181336	?	?	?	?
SRR27181555	1	1	1	1
SRR27181774	3	2	3	2
SRR31121026	1	1	1	1
SRR30714932	1	1	1	1
SRR31062753	5	1	5	1
SRR30589546	3	2	3	2
SRR3126329	1	1	1	1
SRR1219657	?	?	1	?
SRR10569289	1	1	1	1
SRR7106939	?	?	?	?
SRR14420394	1	2	1	2
SRR28015197	1	1	1	1
SRR27663403	3	2	3	2
SRR24839133	5	1	5	1
SRR24839352	5	1	5	1
SRR24839571	5	1	5	1
SRR22690235	5	1	5	1
SRR24843325	5	1	5	1
SRR28073616	3	2	3	2
ERR3474631	1	1	1	1
SRR15282422	2	2	2	2
SRR15282649	2	2	2	2
SRR10436505	1	1	1	1
SRR19404244	1	1	1	1
SRR17349477	7	3	7	3
SRR2054785	1	1	1	1
SRR5215249	3	2	3	2
SRR11445837	3	2	3	2
ERR4553236	1	1	1	1
SRR8875162	3	?	3	?
SRR15084902	1	1	1	1
SRR10161179	?	?	?	?
SRR10294732	3	?	3	?
SRR21931669	1	1	1	1
SRR14242276	3	2	3	2
SRR25222334	1	1	1	1
SRR28834916	5	1	5	1
SRR25266118	1	2	1	2
SRR28752623	5	1	5	1
SRR28388483	1	1	1	1
SRR24842913	5	1	5	1
SRR24843398	5	1	5	1
SRR12389654	4	6	4	6
SRR16359654	9	2	9	2
SRR17769796	1	1	1	1
SRR16770204	1	1	1	1
SRR18273534	3	2	3	2
SRR29953247	5	1	5	1
SRR29022293	3	2	3	2
SRR25382856	1	1	1	1
SRR29740404	5	1	5	1
SRR29740732	5	1	5	1
SRR29248455	3	2	3	2
SRR29009352	1	1	1	1
SRR29360556	3	2	3	2
SRR29085749	1	1	1	1
SRR26854359	3	2	3	2
SRR29543308	5	1	5	1
SRR27384410	3	2	3	2
SRR27384631	3	2	3	2
SRR29692844	?	?	1	1
ERR13358286	3	2	3	2
SRR27181118	?	2	?	2
SRR27181337	?	2	?	2
SRR27181556	?	?	?	?
SRR27181775	1	1	1	1
SRR31167887	5	1	5	1
SRR30714933	1	1	1	1
SRR31062754	5	1	5	1
SRR30589547	3	2	3	2
SRR3126330	1	1	1	1
SRR1219658	?	?	1	?
SRR10569290	1	1	1	1
SRR7106940	?	?	?	?
SRR14420395	1	2	1	2
SRR28015198	1	1	1	1
SRR27663404	3	2	3	2
SRR24839134	5	1	5	1
SRR24839353	5	1	5	1
SRR24839572	5	1	5	1
SRR28084637	?	?	1	1
SRR24843326	5	1	5	1
SRR28073617	?	?	3	2
ERR3474632	3	2	3	2
SRR15282423	2	2	2	2
SRR15282650	2	2	2	2
SRR10436506	1	1	1	1
SRR19404245	1	1	1	1
SRR17349478	7	3	7	3
SRR2054787	1	1	1	1
SRR5215250	3	2	3	2
SRR11445838	3	2	3	2
ERR4553238	1	1	1	1
SRR8875163	3	?	3	?
SRR15084903	1	1	1	1
SRR10161180	?	?	?	?
SRR10294733	3	?	3	?
SRR21931671	1	1	1	1
SRR14242277	3	2	3	2
SRR25222335	9	2	9	2
SRR28834920	5	1	5	1
SRR25266119	1	2	1	2
SRR28752624	5	1	5	1
SRR28388484	1	1	1	1
SRR24842917	5	1	5	1
SRR24843410	5	1	5	1
SRR12389655	6	2	6	2
SRR16359655	9	2	9	2
SRR17769797	7	9	7	9
SRR16770205	1	1	1	1
SRR18273535	1	2	1	1
SRR29953248	5	1	5	1
SRR29022294	1	1	1	1
SRR25382857	1	1	1	1
SRR29740405	5	1	5	1
SRR29740733	5	1	5	1
SRR29248456	3	2	3	2
SRR29009353	1	1	1	1
SRR29360557	3	2	3	2
SRR29085750	3	2	3	2
SRR29833353	3	2	3	2
SRR29543309	5	1	5	1
SRR27384411	3	2	3	2
SRR27384632	3	2	3	2
SRR29692845	?	?	1	1
ERR13358302	3	2	3	2
SRR27181119	?	2	?	2
SRR27181338	1	1	1	1
SRR27181557	1	1	1	1
SRR27181776	3	2	3	2
SRR31167888	5	1	5	1
SRR30714934	1	1	1	1
SRR31096283	1	1	1	1
SRR30589548	3	2	3	2
SRR3126331	1	1	1	1
SRR1219659	?	?	1	?
SRR10569291	1	1	1	1
SRR7106941	?	?	?	?
SRR14420396	1	2	1	2
SRR28015199	1	1	1	1
SRR27663405	3	2	3	2
SRR24839135	5	1	5	1
SRR24839354	5	1	5	1
SRR24839573	5	1	5	1
SRR24842838	5	1	5	1
SRR24843327	5	1	5	1
SRR28073618	?	?	3	2
ERR3474633	3	2	3	2
SRR15282424	2	2	2	2
SRR15282651	2	2	2	2
SRR10436507	1	1	1	1
SRR19404246	1	1	1	1
SRR17349479	7	3	7	3
SRR2054788	1	1	1	1
SRR5215251	3	2	3	2
SRR11445839	3	2	3	2
SRR9678314	1	1	1	1
SRR8875164	3	?	3	?
SRR15084904	1	1	1	1
SRR10161181	?	?	?	?
SRR10294734	3	?	3	?
SRR21931672	1	1	1	1
SRR14242278	3	2	3	2
SRR25222336	9	2	9	2
SRR28834921	5	1	5	1
SRR25266120	1	2	1	2
SRR28752625	5	1	5	1
SRR28388485	1	1	1	1
SRR24842919	5	1	5	1
SRR28464539	5	1	5	1
SRR12389656	?	?	?	?
SRR16359656	9	2	9	2
SRR17769798	1	1	1	1
SRR16770206	1	1	1	1
SRR18273536	3	2	3	2
SRR29953249	5	1	5	1
SRR29022295	1	1	1	1
SRR25382858	3	2	3	2
SRR29740406	5	1	5	1
SRR29740734	5	1	5	1
SRR29248457	3	2	3	2
SRR29009354	3	2	3	2
SRR29360558	3	2	3	2
SRR29085751	3	2	3	2
SRR29833354	1	1	1	1
SRR29543310	5	1	5	1
SRR27384412	3	2	3	2
SRR27384633	3	2	3	2
SRR29692846	?	?	1	1
ERR13358305	3	2	3	2
SRR27181120	3	2	3	2
SRR27181339	?	2	?	2
SRR27181558	1	1	1	1
SRR27181777	1	2	?	2
SRR31167889	5	1	5	1
SRR30714935	?	1	?	?
SRR31096284	3	2	3	2
SRR30589549	3	2	3	2
SRR3126332	1	1	1	1
SRR1219660	?	?	1	?
SRR10569292	1	1	1	1
SRR5027262	1	?	1	?
SRR14420397	1	2	1	2
SRR28015200	1	1	1	1
SRR27663406	3	2	3	2
SRR24839136	5	1	5	1
SRR24839355	5	1	5	1
SRR24839574	5	1	5	1
SRR24842848	5	1	5	1
SRR24843328	5	1	5	1
SRR28073619	?	?	3	2
ERR3474634	?	?	?	?
SRR15282425	2	2	2	2
SRR15282652	2	2	2	2
SRR10436508	1	1	1	1
SRR19404247	1	1	1	1
SRR17349480	7	3	7	3
SRR6364208	3	?	3	?
SRR5215252	3	2	3	2
SRR11445840	3	2	3	2
SRR9678315	1	1	1	1
SRR8875165	3	?	3	?
SRR15084905	1	1	1	1
SRR10161182	?	?	?	?
SRR10294735	3	?	3	?
SRR21931673	1	1	1	1
SRR14242279	?	?	?	?
SRR25222337	9	2	9	2
SRR28834923	5	1	5	1
SRR25266121	1	2	1	2
SRR28752626	5	1	5	1
SRR28388486	1	1	1	1
SRR24842921	5	1	5	1
SRR28464540	5	1	5	1
SRR15886374	1	1	1	1
SRR16359657	9	2	9	2
SRR17769799	1	1	1	1
SRR16770207	1	1	1	1
SRR18273537	3	2	3	2
SRR29953250	5	1	5	1
SRR29022296	1	1	1	1
SRR25382859	1	1	1	1
SRR29740407	5	1	5	1
SRR29740735	5	1	5	1
SRR29248458	3	2	3	2
SRR29009355	1	1	1	1
SRR29360559	3	2	3	2
SRR29085752	1	1	1	1
SRR29833355	3	2	3	2
SRR29543311	5	1	5	1
SRR27384413	3	2	3	2
SRR27384634	3	2	3	2
SRR29692847	?	?	3	2
SRR27180902	1	1	1	1
SRR27181121	3	2	3	2
SRR27181340	?	2	?	2
SRR27181559	?	?	?	?
SRR27181778	3	2	3	2
SRR31167890	5	1	5	1
SRR30714936	1	1	1	1
SRR31096285	3	2	3	2
SRR30589550	3	2	3	?
SRR3126333	1	1	1	1
SRR1219661	?	?	1	?
SRR10569293	1	1	1	1
SRR5027264	1	?	1	?
SRR14420398	1	2	1	2
SRR28015201	1	1	1	1
SRR27663407	3	2	3	2
SRR24839137	5	1	5	1
SRR24839356	5	1	5	1
SRR24839575	5	1	5	1
SRR24842849	5	1	5	1
SRR24843329	5	1	5	1
SRR28073620	?	?	3	2
ERR3474635	3	?	3	?
SRR15282426	2	2	2	2
SRR15282653	2	2	2	2
SRR10436509	1	1	1	1
SRR19404248	1	1	1	1
SRR17349481	7	3	7	3
SRR6364209	3	?	3	?
SRR5215253	3	2	3	2
SRR11445841	3	2	3	2
SRR9678316	1	1	1	1
SRR8875166	3	?	3	1
SRR15084906	1	1	1	1
SRR10161183	?	?	?	?
SRR10294736	3	?	3	?
SRR21931674	1	1	1	1
SRR14242280	3	2	3	2
SRR25222338	1	1	1	1
SRR28834924	5	1	5	1
SRR25266122	1	2	1	2
SRR28752627	5	1	5	1
SRR28388487	1	?	1	?
SRR24842922	5	1	5	1
SRR11611114	5	1	5	1
SRR15886375	?	1	1	1
SRR16359658	9	2	9	2
SRR17769800	1	1	1	1
SRR16770208	1	1	1	1
SRR18273538	3	2	3	2
SRR29953251	5	1	5	1
SRR29022297	1	1	1	1
SRR28912777	5	1	5	1
SRR29740408	5	1	5	1
SRR29740736	5	1	5	1
SRR29248459	3	2	3	2
SRR29009356	1	1	1	1
SRR29360560	3	2	3	2
SRR29085753	3	2	3	2
SRR29833356	3	2	3	2
SRR29543312	5	1	5	1
SRR27384414	3	2	3	2
SRR27384635	3	2	3	2
SRR29692848	?	?	1	1
SRR27180903	3	2	3	2
SRR27181122	?	?	?	?
SRR27181341	?	?	?	?
SRR27181560	3	2	3	2
SRR27181779	?	2	?	2
SRR31167891	5	1	5	1
SRR30714937	1	1	1	1
SRR31096286	3	2	3	2
SRR30589551	3	2	3	2
SRR7253124	1	?	1	?
SRR1219662	?	?	1	?
SRR10569294	1	1	1	1
SRR5027265	1	?	1	?
SRR14420399	1	2	1	2
SRR28015202	1	1	1	1
SRR27663408	3	2	3	2
SRR24839138	5	1	5	1
SRR24839357	5	1	5	1
SRR24839576	5	1	5	1
SRR24842850	5	1	5	1
SRR24843331	5	1	5	1
SRR28073621	?	?	3	2
ERR3474636	3	2	3	?
SRR15282427	2	2	2	2
SRR15282654	2	2	2	2
SRR10436510	1	1	1	1
SRR19404249	1	1	1	1
SRR17349482	7	3	7	3
SRR6364210	3	?	3	?
SRR5215254	3	2	3	2
SRR11445842	3	2	3	2
SRR9678317	1	1	1	1
SRR8875167	3	?	3	?
SRR15084907	1	1	1	1
SRR10161184	?	?	?	?
SRR10294737	3	?	3	?
SRR21931675	1	1	1	1
SRR14242281	3	2	3	2
SRR25222339	9	2	9	2
SRR28834926	5	1	5	1
SRR25266123	1	2	1	2
SRR28752628	5	1	5	1
SRR28388488	?	?	1	?
SRR24842923	5	1	5	1
SRR12389440	3	8	3	8
SRR15886376	1	1	1	1
SRR16359659	9	2	9	2
SRR17769801	1	1	1	1
SRR16770209	1	1	1	1
SRR18273539	3	2	3	2
SRR29953252	5	1	5	1
SRR29022298	1	1	1	1
SRR28912778	5	1	5	1
SRR29740409	5	1	5	1
SRR29740737	5	1	5	1
SRR29248460	3	2	3	2
SRR29009357	1	1	1	1
SRR29360561	3	2	3	2
SRR29085754	1	1	1	1
SRR29833357	3	2	3	2
SRR29543313	5	1	5	1
SRR27384415	3	2	3	2
SRR27384636	3	2	3	2
SRR29692849	?	?	3	2
SRR27180904	1	1	1	1
SRR27181123	3	2	3	2
SRR27181342	3	2	3	2
SRR27181561	1	1	1	1
SRR27181780	3	2	3	2
SRR31167892	5	1	5	1
SRR30714938	1	1	1	1
SRR30404401	5	1	5	1
SRR30589552	3	2	3	2
